,Condensate ID,x_corr,y_corr,frame,area_cond,Frames visible,t,Condition,Video
0,1,-5.227799920430278,0.950198682178266,0,421,10,0,Non-Confined,8104
1,1,-5.334103109516082,0.4294372387204341,1,386,10,1,Non-Confined,8104
2,1,-5.339329552148692,-0.531052036695922,2,523,10,2,Non-Confined,8104
3,1,-5.062690220782372,-1.6371417785844868,3,410,10,3,Non-Confined,8104
4,1,-4.470662860416775,-2.4845697945677547,4,407,10,4,Non-Confined,8104
5,1,-4.662806925505392,-1.5198045297995195,5,349,10,5,Non-Confined,8104
6,1,-4.5919023083068495,-1.7790956388332564,6,301,10,6,Non-Confined,8104
7,1,-4.396395819564387,-1.2999526371020298,7,294,10,7,Non-Confined,8104
8,1,-4.707330148297647,-1.0673905336119045,8,321,10,8,Non-Confined,8104
9,1,-4.913179649641092,-1.18504290967914,9,229,10,9,Non-Confined,8104
10,2,0.3323467085856615,5.20266541869253,0,331,10,0,Non-Confined,8104
11,2,-0.1424624225078308,5.1352707370892725,1,405,10,1,Non-Confined,8104
12,2,-1.1848631620913306,5.116260162156853,2,300,10,2,Non-Confined,8104
13,2,-1.4792452451726168,4.816161440927709,3,50,10,3,Non-Confined,8104
14,2,-2.105162149641065,4.5495195701216105,4,224,10,4,Non-Confined,8104
15,2,-1.0516948291105759,5.029680641051099,5,402,10,5,Non-Confined,8104
16,2,-1.1648145127535654,4.8962068145273365,6,325,10,6,Non-Confined,8104
17,2,-0.15497541140112175,4.947140900312935,7,252,10,7,Non-Confined,8104
18,2,0.19211751525375473,4.955528667747483,8,33,10,8,Non-Confined,8104
19,2,-0.5764540304407652,4.7804255111041565,9,256,10,9,Non-Confined,8104
20,3,5.9390568957838985,-1.3765645584370967,0,321,7,0,Non-Confined,8104
21,3,5.937678953153545,-0.9536236544451194,1,63,7,1,Non-Confined,8104
22,3,6.858694963344208,-2.87502109219855,2,287,7,2,Non-Confined,8104
23,3,6.869985754827385,-2.4230794567100866,3,508,7,3,Non-Confined,8104
24,3,6.9475050261831095,-1.7582497046036654,4,325,7,4,Non-Confined,8104
25,3,6.769215440035496,-2.992338108643053,5,305,7,5,Non-Confined,8104
26,3,6.629074831819671,-3.108390498433676,6,292,7,6,Non-Confined,8104
27,4,5.995609699522216,1.744383593644468,0,396,10,0,Non-Confined,8104
28,4,5.582065262677354,1.8923956907929758,1,432,10,1,Non-Confined,8104
29,4,5.54411733790867,2.992001412156849,2,400,10,2,Non-Confined,8104
30,4,5.082948334445217,3.6211626893353537,3,314,10,3,Non-Confined,8104
31,4,4.727386334428821,4.017583393348742,4,417,10,4,Non-Confined,8104
32,4,5.320724195204054,3.3311476081444162,5,337,10,5,Non-Confined,8104
33,4,5.435798365172855,3.3039413881059296,6,368,10,6,Non-Confined,8104
34,4,5.546418995804574,2.8648409352242603,7,341,10,7,Non-Confined,8104
35,4,5.982091708802142,2.1940317958022244,8,279,10,8,Non-Confined,8104
36,4,5.95478048120897,2.4882473074270353,9,283,10,9,Non-Confined,8104
0,6,4.301632687775803,-2.8252253318793934,0,677,20,0,Non-Confined,8104
1,6,4.534115495246625,-2.544122050035416,1,682,20,1,Non-Confined,8104
2,6,4.86013323444749,-2.3277232881780265,2,593,20,2,Non-Confined,8104
3,6,4.6369139491685205,-2.5789673541738694,3,519,20,3,Non-Confined,8104
4,6,4.312633437585171,-3.233356208118553,4,513,20,4,Non-Confined,8104
5,6,4.731428467593755,-2.8012412038224794,5,456,20,5,Non-Confined,8104
6,6,5.266867490305583,-1.7438609282148738,6,372,20,6,Non-Confined,8104
7,6,5.186438332598507,-2.1325643340316085,7,402,20,7,Non-Confined,8104
8,6,5.178176413777316,-2.610930319355458,8,260,20,8,Non-Confined,8104
9,6,5.335747979994877,-2.6794614602952618,9,524,20,9,Non-Confined,8104
10,6,5.241956808158187,-2.973857998748204,10,509,20,10,Non-Confined,8104
11,6,5.30036113505419,-2.8400559870804925,11,466,20,11,Non-Confined,8104
12,6,5.385487732696321,-3.1953189823916723,12,221,20,12,Non-Confined,8104
13,6,5.6478841184275055,-2.833150281244219,15,114,20,13,Non-Confined,8104
14,6,4.548339500761524,-4.001158573015841,24,314,20,14,Non-Confined,8104
15,6,4.997470143999219,-3.4508785700691744,25,368,20,15,Non-Confined,8104
16,6,5.278369744309866,-3.2970665143835096,26,552,20,16,Non-Confined,8104
17,6,4.66779397067609,-4.04389874216569,27,215,20,17,Non-Confined,8104
18,6,4.387153367486186,-4.584784291101612,28,241,20,18,Non-Confined,8104
19,6,3.252959637503529,-5.379253961695642,29,444,20,19,Non-Confined,8104
20,7,5.376292169461358,2.826119910681142,0,534,5,0,Non-Confined,8104
21,7,5.138439821008341,2.9074953544081454,1,590,5,1,Non-Confined,8104
22,7,5.0547669061251606,3.008949105506764,2,679,5,2,Non-Confined,8104
23,7,5.029180139210096,3.0630516364626446,3,513,5,3,Non-Confined,8104
24,7,5.8495484628874115,2.252283676089057,4,401,5,4,Non-Confined,8104
25,8,4.391162675600835,6.095048259587682,11,95,15,0,Non-Confined,8104
26,8,4.664956963465554,6.100034411273487,12,113,15,1,Non-Confined,8104
27,8,4.894659542008078,5.923175107989636,13,104,15,2,Non-Confined,8104
28,8,5.315214126591771,5.981295424672632,14,111,15,3,Non-Confined,8104
29,8,5.037167592841981,6.285816276474072,16,170,15,4,Non-Confined,8104
30,8,5.030790018128781,6.248600647378354,17,182,15,5,Non-Confined,8104
31,8,4.68195214453765,6.210781573066889,18,178,15,6,Non-Confined,8104
32,8,5.198475346472662,5.822250850411713,19,145,15,7,Non-Confined,8104
33,8,5.321837754295212,5.9600983583364,20,158,15,8,Non-Confined,8104
34,8,5.559358812081656,5.847205789991087,21,164,15,9,Non-Confined,8104
35,8,5.416727954141121,5.517730927249205,22,180,15,10,Non-Confined,8104
36,8,6.137573646559225,4.090869032835454,23,115,15,11,Non-Confined,8104
37,8,5.619516356726841,4.739860168620942,24,119,15,12,Non-Confined,8104
38,8,4.541991533750769,5.2545226980467685,25,126,15,13,Non-Confined,8104
39,8,4.079099443798356,6.338399171891003,26,153,15,14,Non-Confined,8104
40,9,-4.5848218299986385,2.492882415791919,3,147,19,0,Non-Confined,8104
41,9,-3.425316179791604,2.0347120993167023,4,175,19,1,Non-Confined,8104
42,9,-3.616970505105372,2.6477476823300674,5,187,19,2,Non-Confined,8104
43,9,-4.209223351019615,2.004261390878413,6,185,19,3,Non-Confined,8104
44,9,-4.318912872271002,1.6975463096772214,7,179,19,4,Non-Confined,8104
45,9,-4.433922304171404,1.803328830692025,8,243,19,5,Non-Confined,8104
46,9,-4.658100518784365,1.9985711717472627,9,247,19,6,Non-Confined,8104
47,9,-4.2513835405648,3.4638634541619147,10,256,19,7,Non-Confined,8104
48,9,-4.574208471015704,3.3450764362794105,11,280,19,8,Non-Confined,8104
49,9,-4.252845715105874,3.3148451255592,12,224,19,9,Non-Confined,8104
50,9,-4.431369834649746,3.8469574687323425,13,232,19,10,Non-Confined,8104
51,9,-5.310256726936529,3.4302487147408147,14,329,19,11,Non-Confined,8104
52,9,-5.271200450950484,2.482750891004585,15,220,19,12,Non-Confined,8104
53,9,-4.917768453445385,3.3258788029928774,16,122,19,13,Non-Confined,8104
54,9,-5.119356458923579,3.537071785064198,17,221,19,14,Non-Confined,8104
55,9,-5.377491956585943,3.371189971943296,18,200,19,15,Non-Confined,8104
56,9,-5.556832564277844,3.979486732764654,19,170,19,16,Non-Confined,8104
57,9,-5.496200557941072,4.05143395327311,20,225,19,17,Non-Confined,8104
58,9,-5.770711882670748,4.524032582304468,21,99,19,18,Non-Confined,8104
59,10,-3.6633717481551367,-6.332819850621926,1,124,19,0,Non-Confined,8104
60,10,-3.2601041037869702,-6.238320842036715,2,89,19,1,Non-Confined,8104
61,10,-4.238436763989528,-5.586707003636211,4,179,19,2,Non-Confined,8104
62,10,-3.37657220661242,-5.906242448929048,5,121,19,3,Non-Confined,8104
63,10,-3.024733761084852,-7.021689960472937,6,174,19,4,Non-Confined,8104
64,10,-2.9223142378824227,-6.876388662389816,7,135,19,5,Non-Confined,8104
65,10,-2.8961446960289097,-6.394997415656103,8,131,19,6,Non-Confined,8104
66,10,-2.994530073440237,-6.756260629219172,9,93,19,7,Non-Confined,8104
67,10,-3.489018767837527,-6.198912611178993,10,132,19,8,Non-Confined,8104
68,10,-3.391469893533863,-6.7182596351491615,11,118,19,9,Non-Confined,8104
69,10,-3.6035418317151704,-6.637853540533743,12,83,19,10,Non-Confined,8104
70,10,-3.992335551657909,-6.639917445340237,14,126,19,11,Non-Confined,8104
71,10,-2.4717302746981673,-7.2903266507393845,15,98,19,12,Non-Confined,8104
72,10,-3.892040485997706,-6.116805175115528,18,102,19,13,Non-Confined,8104
73,10,-5.77100079957196,-5.263935424098091,19,153,19,14,Non-Confined,8104
74,10,-5.215656794500211,-5.123568240275276,20,124,19,15,Non-Confined,8104
75,10,-5.694963268873196,-5.18556709532287,21,141,19,16,Non-Confined,8104
76,10,-5.2187337849893165,-5.688888493040652,22,92,19,17,Non-Confined,8104
77,10,-6.133165901718585,-5.279745614256585,23,77,19,18,Non-Confined,8104
0,11,-2.013533257902371,5.820875543930491,0,388,21,0,Non-Confined,8104
1,11,-2.6107617715724887,5.6053129266111785,4,319,21,1,Non-Confined,8104
2,11,-2.575399994006167,5.886441255875665,5,410,21,2,Non-Confined,8104
3,11,-2.360563879712889,5.866900066428003,6,407,21,3,Non-Confined,8104
4,11,-3.269660349104248,5.4873361989533205,7,445,21,4,Non-Confined,8104
5,11,-3.0807280160978587,5.722985664867051,8,443,21,5,Non-Confined,8104
6,11,-3.212457398236371,5.653929294411956,9,544,21,6,Non-Confined,8104
7,11,-3.2797014617746854,5.506929110281043,10,578,21,7,Non-Confined,8104
8,11,-3.644420905705862,5.241622574053411,11,537,21,8,Non-Confined,8104
9,11,-3.293293986682969,5.375526613786477,12,648,21,9,Non-Confined,8104
10,11,-3.172306801702828,5.296297559438698,13,500,21,10,Non-Confined,8104
11,11,-3.0147176273115526,5.518963457350447,14,379,21,11,Non-Confined,8104
12,11,-2.073172513535139,5.882102866297465,15,423,21,12,Non-Confined,8104
13,11,-1.4863275236158038,5.864684285450833,16,477,21,13,Non-Confined,8104
14,11,-1.8880155937355376,5.975214301709075,17,553,21,14,Non-Confined,8104
15,11,-2.701748121080932,5.723008734265189,18,616,21,15,Non-Confined,8104
16,11,-1.7379875325973533,5.977157062055483,19,758,21,16,Non-Confined,8104
17,11,-4.199645834983798,5.079925580526618,20,848,21,17,Non-Confined,8104
18,11,-3.3092848589807238,5.567175182172299,21,829,21,18,Non-Confined,8104
19,11,-2.8145156039239985,5.683573096046229,22,906,21,19,Non-Confined,8104
20,11,-2.853443237571614,5.83612084167655,23,754,21,20,Non-Confined,8104
21,12,1.267566799983948,4.8889871763247825,0,748,21,0,Non-Confined,8104
22,12,1.1002067290931166,4.73201513385127,4,876,21,1,Non-Confined,8104
23,12,0.7301487255060315,5.0215032070951775,5,904,21,2,Non-Confined,8104
24,12,1.1919591753501886,4.928265057848448,6,862,21,3,Non-Confined,8104
25,12,0.28371248503964164,5.180928540895294,7,804,21,4,Non-Confined,8104
26,12,0.6755642184991419,5.4095698079091425,8,816,21,5,Non-Confined,8104
27,12,0.28113853343507755,5.362592049971495,9,820,21,6,Non-Confined,8104
28,12,0.09644059358863595,5.605744599554403,10,750,21,7,Non-Confined,8104
29,12,-0.14619459293418324,5.412113980309464,11,721,21,8,Non-Confined,8104
30,12,-0.021941025467036537,5.453892232235113,12,477,21,9,Non-Confined,8104
31,12,-0.040767355548979,5.495426159438699,13,390,21,10,Non-Confined,8104
32,12,0.4673679271763273,5.360209024685859,14,497,21,11,Non-Confined,8104
33,12,1.5938401648294187,5.237029031141635,15,753,21,12,Non-Confined,8104
34,12,2.085750583042131,5.056442180673813,16,749,21,13,Non-Confined,8104
35,12,1.8379212789889154,5.1669779792369654,17,746,21,14,Non-Confined,8104
36,12,0.8170788089334992,5.8587840228654775,18,594,21,15,Non-Confined,8104
37,12,1.966564440357791,5.443070835802185,19,400,21,16,Non-Confined,8104
38,12,-0.5294367238640956,5.464096089728595,20,183,21,17,Non-Confined,8104
39,12,0.9620873692591835,5.804400490510352,21,882,21,18,Non-Confined,8104
40,12,0.7580976670233107,6.113915684586394,22,690,21,19,Non-Confined,8104
41,12,1.129355684000897,6.192104528283306,23,335,21,20,Non-Confined,8104
42,13,5.573615195705871,4.302246935683069,0,339,11,0,Non-Confined,8104
43,13,5.240350854241492,5.096297755518844,4,427,11,1,Non-Confined,8104
44,13,5.344452643416477,4.9040039533638335,5,536,11,2,Non-Confined,8104
45,13,5.542033164426139,4.793747515993162,6,593,11,3,Non-Confined,8104
46,13,4.6588252454135946,5.667263619622539,7,546,11,4,Non-Confined,8104
47,13,5.036385589021034,5.572620474096672,8,532,11,5,Non-Confined,8104
48,13,4.942850385455462,5.725978885610375,9,536,11,6,Non-Confined,8104
49,13,4.705182865839946,5.91801909379524,10,573,11,7,Non-Confined,8104
50,13,4.292849718211798,6.18022605319908,11,571,11,8,Non-Confined,8104
51,13,4.551684281150268,5.716754630615697,12,581,11,9,Non-Confined,8104
52,13,4.341724379692522,5.813455461764278,13,215,11,10,Non-Confined,8104
53,14,0.6831599325479776,-6.005845169580088,0,114,15,0,Non-Confined,8104
54,14,2.227213538892908,-5.917073907244621,4,104,15,1,Non-Confined,8104
55,14,1.5599654808251764,-5.441960622692058,5,94,15,2,Non-Confined,8104
56,14,1.309242999893988,-5.4482591473312105,6,111,15,3,Non-Confined,8104
57,14,2.7187254514575487,-5.785484285597241,7,96,15,4,Non-Confined,8104
58,14,2.188326792028552,-5.8009071506470065,8,110,15,5,Non-Confined,8104
59,14,2.3614197430593333,-5.40412169426054,9,148,15,6,Non-Confined,8104
60,14,2.5481471861812297,-5.888031148593746,10,162,15,7,Non-Confined,8104
61,14,2.5434507221733265,-5.64257300746005,11,187,15,8,Non-Confined,8104
62,14,2.300031301576987,-5.700842358959857,12,159,15,9,Non-Confined,8104
63,14,2.4761794194151863,-5.526958809505403,13,161,15,10,Non-Confined,8104
64,14,2.2959216495103307,-6.050039868674303,14,142,15,11,Non-Confined,8104
65,14,1.5208140708858662,-6.549100608283859,15,119,15,12,Non-Confined,8104
66,14,0.9545467551425673,-6.293097361942148,16,155,15,13,Non-Confined,8104
67,14,1.8081534632509246,-5.722854168795786,17,148,15,14,Non-Confined,8104
68,15,-8.13021947897505,1.078871762046719,4,127,18,0,Non-Confined,8104
69,15,-7.813686448912574,1.4600357652347113,5,172,18,1,Non-Confined,8104
70,15,-8.038057910799312,1.381746008367967,6,184,18,2,Non-Confined,8104
71,15,-8.420457269130685,0.36462191426906837,7,187,18,3,Non-Confined,8104
72,15,-8.620276994953697,0.7829378574218475,8,169,18,4,Non-Confined,8104
73,15,-8.44700858300867,0.304492006698484,9,155,18,5,Non-Confined,8104
74,15,-7.920942826104584,0.2710397035886055,12,73,18,6,Non-Confined,8104
75,15,-8.834423448893839,0.06883604707914841,13,89,18,7,Non-Confined,8104
76,15,-8.592852535324708,1.3762185337953103,14,73,18,8,Non-Confined,8104
77,15,-7.72928046692926,2.388107374909421,15,42,18,9,Non-Confined,8104
78,15,-7.040564082383329,3.381701791653592,16,109,18,10,Non-Confined,8104
79,15,-7.982107637135177,2.7108833794667633,17,126,18,11,Non-Confined,8104
80,15,-8.669987610580792,1.7702482824829295,18,141,18,12,Non-Confined,8104
81,15,-7.381107494956896,3.385990980907077,19,143,18,13,Non-Confined,8104
82,15,-6.801042122394337,2.224621160389986,20,58,18,14,Non-Confined,8104
83,15,-7.969175686175754,3.429955483997111,21,141,18,15,Non-Confined,8104
84,15,-7.008629374662032,4.2683516684501335,22,97,18,16,Non-Confined,8104
85,15,-7.791073028685671,4.4834338473131545,23,96,18,17,Non-Confined,8104
86,16,-2.4234281376274613,2.598866935683069,0,180,10,0,Non-Confined,8104
87,16,-2.7985668098932868,1.9902622144283832,4,263,10,1,Non-Confined,8104
88,16,-3.6146916797294555,1.6933854624471085,6,89,10,2,Non-Confined,8104
89,16,-3.9153946874313394,1.3900549505138697,7,108,10,3,Non-Confined,8104
90,16,-4.03721111494819,1.6221249635178985,8,86,10,4,Non-Confined,8104
91,16,-4.228781783287156,1.7206277272833037,9,139,10,5,Non-Confined,8104
92,16,-3.810195406411364,1.5946720843001632,10,118,10,6,Non-Confined,8104
93,16,-3.083107798059733,1.784470818862881,11,67,10,7,Non-Confined,8104
94,16,-3.7676229008243824,1.2795048966147557,12,66,10,8,Non-Confined,8104
95,16,-4.266098124779748,1.5645907748233148,13,65,10,9,Non-Confined,8104
96,17,-6.354222096860337,-4.543699805769664,8,189,15,0,Non-Confined,8104
97,17,-6.1858714289538,-4.666539811209264,9,107,15,1,Non-Confined,8104
98,17,-6.059090233997571,-4.913662310790425,10,261,15,2,Non-Confined,8104
99,17,-5.880336708069769,-4.782172717876015,12,266,15,3,Non-Confined,8104
100,17,-6.250901118020818,-4.678658861481804,13,239,15,4,Non-Confined,8104
101,17,-6.430216187466284,-4.349887137809476,14,221,15,5,Non-Confined,8104
102,17,-6.902098976438326,-3.40467694618744,15,323,15,6,Non-Confined,8104
103,17,-7.222673310165173,-2.5702782584392767,16,326,15,7,Non-Confined,8104
104,17,-7.053551045052561,-3.1677617151976105,17,415,15,8,Non-Confined,8104
105,17,-6.476402504197814,-4.164224057942604,18,339,15,9,Non-Confined,8104
106,17,-7.15151204041144,-2.938673868948949,19,442,15,10,Non-Confined,8104
107,17,-5.7735320169339905,-5.129160977263521,20,497,15,11,Non-Confined,8104
108,17,-6.2778590649343275,-4.879318302709415,21,484,15,12,Non-Confined,8104
109,17,-6.491532055074404,-4.421860908869456,22,485,15,13,Non-Confined,8104
110,17,-6.5786253526928915,-4.386430017759046,23,554,15,14,Non-Confined,8104
111,18,5.3251352317027845,2.3852103529350748,14,143,10,0,Non-Confined,8104
112,18,5.992124776671069,1.4351982502190803,15,173,10,1,Non-Confined,8104
113,18,6.193729681743781,1.062969136421575,16,207,10,2,Non-Confined,8104
114,18,6.281172540581842,1.6403338921120099,17,209,10,3,Non-Confined,8104
115,18,6.324117118443697,2.6993849986611713,18,265,10,4,Non-Confined,8104
116,18,6.741115641062016,1.7207899590416182,19,284,10,5,Non-Confined,8104
117,18,5.812734160777441,3.805884047725122,20,217,10,6,Non-Confined,8104
118,18,6.254639207441265,3.2326262286779603,21,188,10,7,Non-Confined,8104
119,18,6.598613095710837,2.820941865000858,22,214,10,8,Non-Confined,8104
120,18,6.760756221314329,2.901419722313153,23,150,10,9,Non-Confined,8104
0,19,0.030877493069722286,0.39214547640051306,0,359,22,0,Non-Confined,8104
1,19,0.5550350689392063,0.7346478328603778,1,369,22,1,Non-Confined,8104
2,19,-0.02870350441549913,0.8788464814351243,2,341,22,2,Non-Confined,8104
3,19,-0.06127370385853863,0.809439658102634,3,369,22,3,Non-Confined,8104
4,19,-0.21176605210111576,1.2531671279231682,4,376,22,4,Non-Confined,8104
5,19,-0.5389783729301794,0.6829931431633192,5,398,22,5,Non-Confined,8104
6,19,-0.29115624061401607,1.0210235685285194,6,439,22,6,Non-Confined,8104
7,19,-0.2648461660606359,1.564570027465518,7,459,22,7,Non-Confined,8104
8,19,-0.18060795095143548,0.8049905100952531,8,377,22,8,Non-Confined,8104
9,19,0.09341316636834282,1.487797827962388,9,437,22,9,Non-Confined,8104
10,19,0.30375383173419884,1.7266143538563483,10,458,22,10,Non-Confined,8104
11,19,0.31864190234151507,1.4337300884117126,11,385,22,11,Non-Confined,8104
12,19,0.22319162830305167,2.4021925954522305,13,131,22,12,Non-Confined,8104
13,19,-0.02428297706075724,1.9144890057766857,14,222,22,13,Non-Confined,8104
14,19,-0.18549665380242394,2.1267746714117113,15,319,22,14,Non-Confined,8104
15,19,-0.23277121693248187,1.7857416702089328,16,294,22,15,Non-Confined,8104
16,19,-0.3555963346417122,1.955159028894403,17,408,22,16,Non-Confined,8104
17,19,-0.6466363873776823,1.372637674409424,18,173,22,17,Non-Confined,8104
18,19,-0.3183783629538712,0.9935587956760805,20,166,22,18,Non-Confined,8104
19,19,-0.9702124491368027,0.9954614838979473,21,217,22,19,Non-Confined,8104
20,19,-0.5093199656234642,0.5515384428886352,22,319,22,20,Non-Confined,8104
21,19,-1.3542563176575548,0.4473307358421264,23,371,22,21,Non-Confined,8104
22,20,2.9172232451588584,5.189826534896338,0,452,23,0,Non-Confined,8104
23,20,3.5299920615550024,4.685054336925419,1,436,23,1,Non-Confined,8104
24,20,3.8760441677520974,4.383986362216372,2,459,23,2,Non-Confined,8104
25,20,4.211076720192464,4.322321292307462,3,417,23,3,Non-Confined,8104
26,20,4.233106742941335,4.361457985799702,4,406,23,4,Non-Confined,8104
27,20,4.528930789141578,3.849398175162221,5,329,23,5,Non-Confined,8104
28,20,4.326496562243719,3.8084823079155576,6,440,23,6,Non-Confined,8104
29,20,4.689913684546272,3.707156742151393,7,441,23,7,Non-Confined,8104
30,20,4.6002273466416055,3.4019849995005593,8,431,23,8,Non-Confined,8104
31,20,4.956691357969557,3.1949277339553372,9,370,23,9,Non-Confined,8104
32,20,4.946133458749334,2.870411654969393,10,399,23,10,Non-Confined,8104
33,20,5.08502473842435,2.912357894659518,11,37,23,11,Non-Confined,8104
34,20,5.052137043476758,3.6307119068714515,13,245,23,12,Non-Confined,8104
35,20,4.731995089467306,3.758949712637395,14,390,23,13,Non-Confined,8104
36,20,4.921679080286329,3.532203193743541,15,436,23,14,Non-Confined,8104
37,20,4.827325561401494,4.088721120857117,16,477,23,15,Non-Confined,8104
38,20,4.727421987024767,4.797707391771225,17,521,23,16,Non-Confined,8104
39,20,5.161156279866393,3.897835021475006,18,614,23,17,Non-Confined,8104
40,20,5.568952689592381,3.251614729576201,19,458,23,18,Non-Confined,8104
41,20,5.247631628327042,3.902123576509941,20,608,23,19,Non-Confined,8104
42,20,4.58345388605602,4.631400242083735,21,399,23,20,Non-Confined,8104
43,20,5.852962631052031,3.897873535255234,22,813,23,21,Non-Confined,8104
44,20,1.8729720205137064,6.231063266165578,23,624,23,22,Non-Confined,8104
45,21,-2.8494187496695056,6.242031261661769,4,84,16,0,Non-Confined,8104
46,21,-2.2373191601998585,6.445661903632332,5,72,16,1,Non-Confined,8104
47,21,-2.0745508901875707,6.529328201150228,6,86,16,2,Non-Confined,8104
48,21,-1.9512226508574526,6.725924503168845,7,92,16,3,Non-Confined,8104
49,21,-1.7474225595636588,6.708923556542568,8,94,16,4,Non-Confined,8104
50,21,-1.1819640774658804,6.837447103324704,9,81,16,5,Non-Confined,8104
51,21,-0.7013351613302754,7.037360372351083,10,102,16,6,Non-Confined,8104
52,21,-0.9155091891202132,7.08582022933462,11,47,16,7,Non-Confined,8104
53,21,-1.6395986690285758,6.872455862634285,15,77,16,8,Non-Confined,8104
54,21,-2.2960823935906443,6.530981370464035,16,128,16,9,Non-Confined,8104
55,21,-1.9734863064528272,6.130589285970119,18,125,16,10,Non-Confined,8104
56,21,-1.3359442990740986,6.30836113768383,19,173,16,11,Non-Confined,8104
57,21,-1.9144631384193684,6.4615869396569625,20,242,16,12,Non-Confined,8104
58,21,-2.8137867858364776,6.100825415655963,21,235,16,13,Non-Confined,8104
59,21,-2.1261055455607685,5.908455762637853,22,116,16,14,Non-Confined,8104
60,21,-4.631883292393723,4.46027905006388,23,118,16,15,Non-Confined,8104
0,22,-4.254946750771186,-5.226397110676338,1,97,27,0,Non-Confined,8105
1,22,-3.543955561867146,-5.4628388620139665,2,806,27,1,Non-Confined,8105
2,22,-4.273917020025005,-4.543555303777204,3,1407,27,2,Non-Confined,8105
3,22,-3.7986428661029747,-4.960262952596261,4,1447,27,3,Non-Confined,8105
4,22,-3.231520300345095,-5.602569717447678,5,1390,27,4,Non-Confined,8105
5,22,-4.328122450380169,-4.732788062010033,6,1337,27,5,Non-Confined,8105
6,22,-4.454869749160426,-4.667190297275365,7,1364,27,6,Non-Confined,8105
7,22,-4.4656869985135454,-4.605741579318569,8,1374,27,7,Non-Confined,8105
8,22,-2.5485086288304366,-5.2959445274253,9,1105,27,8,Non-Confined,8105
9,22,-3.299698947929535,-5.050736710606145,10,1395,27,9,Non-Confined,8105
10,22,-3.073530882749919,-5.136921444595327,11,741,27,10,Non-Confined,8105
11,22,-4.267419866339869,-4.8688108941469235,12,1343,27,11,Non-Confined,8105
12,22,-4.161808393787364,-4.987377904429451,13,1429,27,12,Non-Confined,8105
13,22,-5.224829611530226,-3.186822407358068,14,1448,27,13,Non-Confined,8105
14,22,-4.847662602770732,-4.062882132673781,15,1342,27,14,Non-Confined,8105
15,22,-3.4159646287745398,-5.50900005175528,16,1337,27,15,Non-Confined,8105
16,22,-4.657588904174006,-4.713553314617656,17,644,27,16,Non-Confined,8105
17,22,-4.776657114539819,-4.520254521840914,18,851,27,17,Non-Confined,8105
18,22,-4.574039054667205,-5.0199240364019175,19,259,27,18,Non-Confined,8105
19,22,-4.071935836169757,-5.104285973465808,20,1393,27,19,Non-Confined,8105
20,22,-3.9885013076275024,-5.179231703628578,21,1504,27,20,Non-Confined,8105
21,22,-4.684268169282422,-4.596520866193716,22,1680,27,21,Non-Confined,8105
22,22,-4.784248266397748,-4.77826231615838,23,1203,27,22,Non-Confined,8105
23,22,-4.25021213154732,-5.14057836559658,24,1455,27,23,Non-Confined,8105
24,22,-2.906647470676052,-5.967851524540718,25,1130,27,24,Non-Confined,8105
25,22,-1.8580269083967966,-6.339716107551724,26,1652,27,25,Non-Confined,8105
26,22,-1.474630549519707,-6.276055304901829,27,1445,27,26,Non-Confined,8105
27,23,-6.742705918205248,1.0510237026381555,0,491,28,0,Non-Confined,8105
28,23,-6.588675186253229,-0.11768080842189171,1,546,28,1,Non-Confined,8105
29,23,-6.7093974344425495,-0.7409924984729166,2,426,28,2,Non-Confined,8105
30,23,-5.985649648073499,0.6550270807029014,3,548,28,3,Non-Confined,8105
31,23,-5.673279921920142,-0.42603416207537637,4,516,28,4,Non-Confined,8105
32,23,-4.972872329752883,-1.3456537815200098,5,479,28,5,Non-Confined,8105
33,23,-5.366709725042306,-0.5051124774684752,6,421,28,6,Non-Confined,8105
34,23,-5.289164570711558,-0.10142293532365772,7,470,28,7,Non-Confined,8105
35,23,-5.558748956286384,0.3178911085114671,8,497,28,8,Non-Confined,8105
36,23,-5.744382650932077,-1.120001649705409,9,502,28,9,Non-Confined,8105
37,23,-5.9310629259723635,-0.14131437889926982,10,476,28,10,Non-Confined,8105
38,23,-6.082653370439,-0.9325604661749661,11,527,28,11,Non-Confined,8105
39,23,-6.0219475898039905,0.17250831558419039,12,601,28,12,Non-Confined,8105
40,23,-5.987837519909861,-0.04014954221185974,13,537,28,13,Non-Confined,8105
41,23,-5.562041777965443,2.3935358940466247,14,553,28,14,Non-Confined,8105
42,23,-6.122998613422611,1.1722477614605604,15,502,28,15,Non-Confined,8105
43,23,-6.199342696034021,-0.8615167128816288,16,162,28,16,Non-Confined,8105
44,23,-5.750716512869658,0.7453047288606063,17,115,28,17,Non-Confined,8105
45,23,-5.7769101768631455,0.11585379727373174,18,323,28,18,Non-Confined,8105
46,23,-6.122409135177908,-0.38568568193543573,19,352,28,19,Non-Confined,8105
47,23,-5.93163743141557,-0.3253282070994141,20,496,28,20,Non-Confined,8105
48,23,-6.07350308767159,-0.5530215537620634,21,526,28,21,Non-Confined,8105
49,23,-5.948356252906117,0.47266159460767665,22,615,28,22,Non-Confined,8105
50,23,-6.321322541463617,0.4552842632330155,23,637,28,23,Non-Confined,8105
51,23,-6.39838675405782,-0.2441250697317279,24,631,28,24,Non-Confined,8105
52,23,-6.092261810036273,-2.252257268629731,25,719,28,25,Non-Confined,8105
53,23,-5.51902424121425,-3.060959764412509,26,776,28,26,Non-Confined,8105
54,23,-5.313215648773031,-3.424579585998168,27,760,28,27,Non-Confined,8105
55,24,2.398148097879906,1.9005939778102292,0,137,28,0,Non-Confined,8105
56,24,2.1171253050202035,2.2422354423861224,1,255,28,1,Non-Confined,8105
57,24,1.7461615853589156,2.300084984506138,2,271,28,2,Non-Confined,8105
58,24,2.4493141437052164,2.1976333619168824,3,228,28,3,Non-Confined,8105
59,24,2.168927245098884,2.4722801764930344,4,385,28,4,Non-Confined,8105
60,24,2.1843118400913175,2.861187323398982,5,363,28,5,Non-Confined,8105
61,24,2.6435039408667977,2.0961992563956664,6,463,28,6,Non-Confined,8105
62,24,2.732339220155074,2.4124579235242924,7,492,28,7,Non-Confined,8105
63,24,2.873613506978052,2.6568352606973114,8,495,28,8,Non-Confined,8105
64,24,1.2271790674119385,2.8766567016716897,9,552,28,9,Non-Confined,8105
65,24,2.131700729489821,2.910066883123612,10,498,28,10,Non-Confined,8105
66,24,1.992168061457897,2.4723540464270517,11,538,28,11,Non-Confined,8105
67,24,2.9293636043451206,2.4650514912706645,12,531,28,12,Non-Confined,8105
68,24,3.5657049708396107,-1.4688256033016083,13,154,28,13,Non-Confined,8105
69,24,3.3366710029697164,2.0824436246072064,14,588,28,14,Non-Confined,8105
70,24,3.0698519027608295,2.495158514361366,15,685,28,15,Non-Confined,8105
71,24,1.9381126401383877,3.08501667207127,16,574,28,16,Non-Confined,8105
72,24,3.9829878861073227,4.284013884870835,17,34,28,17,Non-Confined,8105
73,24,4.945975183596826,3.7333806216877075,18,42,28,18,Non-Confined,8105
74,24,4.976643151994665,1.8975416726485363,19,59,28,19,Non-Confined,8105
75,24,2.1961480600634307,2.7612379067167745,20,212,28,20,Non-Confined,8105
76,24,2.241156579980853,2.755774555236672,21,405,28,21,Non-Confined,8105
77,24,2.86133415423064,2.771957647563928,22,514,28,22,Non-Confined,8105
78,24,2.8534317195596874,2.156668691758722,23,515,28,23,Non-Confined,8105
79,24,3.00204180270912,1.6868573991542921,24,647,28,24,Non-Confined,8105
80,24,2.4182172738494963,2.198941249181909,25,822,28,25,Non-Confined,8105
81,24,1.8845018401198357,2.6200434434352617,26,859,28,26,Non-Confined,8105
82,24,0.969362094988765,2.448490861160566,27,753,28,27,Non-Confined,8105
83,25,4.009057309822124,-0.491946742487829,1,147,12,0,Non-Confined,8105
84,25,4.107372611922598,-0.007289755930710952,2,322,12,1,Non-Confined,8105
85,25,4.2171243510417415,-0.8231071484499419,3,198,12,2,Non-Confined,8105
86,25,4.363232749751712,-0.42911471050972644,4,254,12,3,Non-Confined,8105
87,25,4.1639750105496445,-0.753561321073924,6,171,12,4,Non-Confined,8105
88,25,4.103098728329825,-0.7418404616271415,7,182,12,5,Non-Confined,8105
89,25,4.295804113038657,-0.40762201202996085,8,330,12,6,Non-Confined,8105
90,25,4.388163737619899,0.049690323225482606,10,369,12,7,Non-Confined,8105
91,25,4.377307122314841,-0.025882250763367892,11,251,12,8,Non-Confined,8105
92,25,4.353340074536537,-0.5728222518780002,12,335,12,9,Non-Confined,8105
93,25,4.408783112073378,-0.5138458183990112,13,320,12,10,Non-Confined,8105
94,25,4.408783112073378,-0.5138458183990112,13,320,12,11,Non-Confined,8105
95,26,7.577551187373144,2.028665442386124,1,34,17,0,Non-Confined,8105
96,26,7.455857394531296,2.86538431239227,2,84,17,1,Non-Confined,8105
97,26,8.05324024467192,1.4810725670726297,3,49,17,2,Non-Confined,8105
98,26,8.1142171158128,1.3458597315576548,6,65,17,3,Non-Confined,8105
99,26,8.206968926441572,1.2221663484641747,7,71,17,4,Non-Confined,8105
100,26,8.507676679883577,1.3238099131037266,8,85,17,5,Non-Confined,8105
101,26,7.936554612984967,2.538040587650459,10,103,17,6,Non-Confined,8105
102,26,7.957288935063844,2.675877968360138,11,120,17,7,Non-Confined,8105
103,26,8.387387221603749,1.6537615887912662,12,157,17,8,Non-Confined,8105
104,26,8.336867873764028,1.746199655971495,13,139,17,9,Non-Confined,8105
105,26,8.033683000763357,1.789169916775122,17,59,17,10,Non-Confined,8105
106,26,8.173837901366865,1.419262677436836,18,123,17,11,Non-Confined,8105
107,26,7.908153386675238,2.3626643211864407,19,182,17,12,Non-Confined,8105
108,26,7.852209045664225,2.9757850144625535,20,152,17,13,Non-Confined,8105
109,26,8.196243079383482,2.8204518670646266,21,186,17,14,Non-Confined,8105
110,26,8.52805640535642,1.8426229319603775,22,178,17,15,Non-Confined,8105
111,26,8.523617650332168,1.40991136377223,23,138,17,16,Non-Confined,8105
0,27,-3.399278081925887,0.2387081544022848,0,102,11,0,Non-Confined,8105
1,27,-3.4995647869136155,0.1237726213323148,1,153,11,1,Non-Confined,8105
2,27,-3.208581685258352,-0.5810557499495816,2,348,11,2,Non-Confined,8105
3,27,-3.336988437842012,-1.226014429524267,3,316,11,3,Non-Confined,8105
4,27,-3.3642109936608797,-1.565596100454268,4,402,11,4,Non-Confined,8105
5,27,-3.288848491952669,-0.8828888825410676,5,490,11,5,Non-Confined,8105
6,27,-3.10132003054327,-1.322617944256589,6,504,11,6,Non-Confined,8105
7,27,-3.123384701499488,-1.5524829231921773,7,598,11,7,Non-Confined,8105
8,27,-3.3302169197390277,-1.5094092165855255,8,521,11,8,Non-Confined,8105
9,27,-2.8623648220249436,-2.6132374749846083,9,593,11,9,Non-Confined,8105
10,27,-2.794305327617367,-3.2651546345465614,10,698,11,10,Non-Confined,8105
11,28,-1.4914657175626664,1.736015590153288,0,515,10,0,Non-Confined,8105
12,28,-1.5948029049359451,1.5929894193433871,1,418,10,1,Non-Confined,8105
13,28,-1.9484186910065673,0.6644898742732012,3,120,10,2,Non-Confined,8105
14,28,-2.190092631214435,0.7684386116319871,4,317,10,3,Non-Confined,8105
15,28,-2.0588219270671746,0.9289862833726257,5,393,10,4,Non-Confined,8105
16,28,-2.0267375342635074,0.8923218343892444,6,512,10,5,Non-Confined,8105
17,28,-2.1392104513269015,0.6372448396914497,7,499,10,6,Non-Confined,8105
18,28,-2.163115820506213,0.8317082521034264,8,674,10,7,Non-Confined,8105
19,28,-2.366980995814001,-0.2616621442287719,9,738,10,8,Non-Confined,8105
20,28,-2.718386077184661,-1.0824356604654302,10,788,10,9,Non-Confined,8105
21,29,-3.24116587326884,5.448918989585413,0,424,8,0,Non-Confined,8105
22,29,-4.836097239393664,3.759942616208687,3,155,8,1,Non-Confined,8105
23,29,-4.40183771007879,3.6552352001853907,4,140,8,2,Non-Confined,8105
24,29,-4.296369984489982,4.109353709600265,5,201,8,3,Non-Confined,8105
25,29,-4.685824242997481,3.5739400685639238,6,234,8,4,Non-Confined,8105
26,29,-4.373598958267791,3.787621135348458,7,137,8,5,Non-Confined,8105
27,29,-6.389395829951647,2.5085914903958098,9,187,8,6,Non-Confined,8105
28,29,-6.229230112717654,1.0919837763571798,10,148,8,7,Non-Confined,8105
0,30,-5.6408606720387615,-0.821115087605684,0,212,17,0,Non-Confined,8105
1,30,-5.365487111440151,-2.4566959020106225,1,196,17,1,Non-Confined,8105
2,30,-5.313069593109074,-2.6990955327193444,2,245,17,2,Non-Confined,8105
3,30,-5.041983699921623,-3.26777922928192,3,282,17,3,Non-Confined,8105
4,30,-4.728813276531793,-3.396059506241786,4,266,17,4,Non-Confined,8105
5,30,-4.629177016793217,-4.024217329682651,5,276,17,5,Non-Confined,8105
6,30,-4.79023801135831,-4.083571356493659,6,328,17,6,Non-Confined,8105
7,30,-4.7380406910526505,-4.005740683366522,7,261,17,7,Non-Confined,8105
8,30,-4.547547301358335,-4.047456843771285,8,354,17,8,Non-Confined,8105
9,30,-4.661916954299497,-4.326750033403138,9,462,17,9,Non-Confined,8105
10,30,-4.78605077353359,-4.364933753553512,10,545,17,10,Non-Confined,8105
11,30,-4.276743338862141,-4.463276221503378,11,562,17,11,Non-Confined,8105
12,30,-4.5331109551021775,-4.1690793624372375,12,443,17,12,Non-Confined,8105
13,30,-4.7487580564892635,-4.078981878138653,13,521,17,13,Non-Confined,8105
14,30,-4.603058957272856,-3.6984598120235153,14,513,17,14,Non-Confined,8105
15,30,-4.88009587680253,-3.938562767324062,15,580,17,15,Non-Confined,8105
16,30,-4.838316397783778,-4.0394758025992115,16,667,17,16,Non-Confined,8105
17,31,-2.477960716860755,0.2778499491056622,0,221,17,0,Non-Confined,8105
18,31,-2.2481745604197445,-0.18661584078613266,1,150,17,1,Non-Confined,8105
19,31,-2.167210362551988,-0.46826891661344217,2,296,17,2,Non-Confined,8105
20,31,-2.088240588482818,-1.0579091429115817,3,202,17,3,Non-Confined,8105
21,31,-1.8146513001622977,-1.097532089485609,4,196,17,4,Non-Confined,8105
22,31,-1.9334095392984845,-1.2074618278630769,5,227,17,5,Non-Confined,8105
23,31,-1.7902663161432661,-1.383711861055194,6,262,17,6,Non-Confined,8105
24,31,-1.7394960923774103,-1.5489169399416238,7,236,17,7,Non-Confined,8105
25,31,-1.6372430210648872,-1.3605212328428762,8,335,17,8,Non-Confined,8105
26,31,-1.626390948780767,-1.5438977014394888,9,433,17,9,Non-Confined,8105
27,31,-1.7323323632134904,-1.2473045876547095,10,458,17,10,Non-Confined,8105
28,31,-1.683364543993725,-1.4408442062140656,11,486,17,11,Non-Confined,8105
29,31,-1.578562460609832,-1.0086317906157034,12,549,17,12,Non-Confined,8105
30,31,-1.7743794451093677,-0.8579936054272427,13,605,17,13,Non-Confined,8105
31,31,-1.532621104584742,-0.8559455207565767,14,662,17,14,Non-Confined,8105
32,31,-1.6922127491558283,-1.1137333269126894,15,684,17,15,Non-Confined,8105
33,31,-1.6699329080853293,-1.1925644670298807,16,582,17,16,Non-Confined,8105
34,32,1.6188341237907833,-5.746727314470344,1,380,16,0,Non-Confined,8105
35,32,2.046888305040839,-5.344229620073912,2,321,16,1,Non-Confined,8105
36,32,2.692105980020185,-4.930486175999506,3,351,16,2,Non-Confined,8105
37,32,2.868018239138573,-5.548424335393874,4,202,16,3,Non-Confined,8105
38,32,3.430816665272003,-5.206088321530477,5,192,16,4,Non-Confined,8105
39,32,3.2039739632135618,-5.657440868688781,6,282,16,5,Non-Confined,8105
40,32,3.717095412207196,-5.719405804904115,7,183,16,6,Non-Confined,8105
41,32,3.0602544894955175,-5.0590128239439744,8,159,16,7,Non-Confined,8105
42,32,3.1680973986969034,-5.1012942205413,9,415,16,8,Non-Confined,8105
43,32,3.1329008659144777,-5.194637938394544,10,623,16,9,Non-Confined,8105
44,32,3.7312585960747877,-3.921411682459946,11,764,16,10,Non-Confined,8105
45,32,3.934283152877091,-3.7710123989992037,12,787,16,11,Non-Confined,8105
46,32,2.9262952880044084,-3.729753121987237,13,133,16,12,Non-Confined,8105
47,32,2.8288051025943277,-4.465810342304018,14,59,16,13,Non-Confined,8105
48,32,3.1706141309174893,-4.142933706593233,15,335,16,14,Non-Confined,8105
49,32,3.4806603467011215,-3.6270346363965973,16,420,16,15,Non-Confined,8105
50,33,-3.4804145966259217,-2.879216327684707,4,131,11,0,Non-Confined,8105
51,33,-2.873074751879161,-4.032474099146756,5,215,11,1,Non-Confined,8105
52,33,-2.7291836713296154,-4.060401898100546,6,136,11,2,Non-Confined,8105
53,33,-2.157375246007788,-2.9065398435929475,9,143,11,3,Non-Confined,8105
54,33,-3.556455599104793,-3.9520023166342115,10,157,11,4,Non-Confined,8105
55,33,-3.176131104232124,-3.141465342867962,11,58,11,5,Non-Confined,8105
56,33,-3.6512458185333285,-2.7464862687577796,12,600,11,6,Non-Confined,8105
57,33,-3.973980535814398,-2.8157044818684214,13,486,11,7,Non-Confined,8105
58,33,-2.5363731538949477,-3.619547891195805,14,286,11,8,Non-Confined,8105
59,33,-3.8446961949181198,-3.4985814341526185,15,710,11,9,Non-Confined,8105
60,33,-4.056995558731473,-3.7786876846863358,16,284,11,10,Non-Confined,8105
0,34,-6.442816075543374,4.799795431988534,2,84,11,0,Confined,3627
1,34,-6.391212889525819,4.765196909659553,3,159,11,1,Confined,3627
2,34,-6.243736386706423,4.771412518771628,4,55,11,2,Confined,3627
3,34,-6.056648875329726,4.954336293872761,5,188,11,3,Confined,3627
4,34,-5.9316767590455965,4.9201011695519075,6,193,11,4,Confined,3627
5,34,-6.273068334355245,4.844547027870095,7,101,11,5,Confined,3627
6,34,-6.021565411282036,5.253412235995459,9,128,11,6,Confined,3627
7,34,-6.2953909532787025,5.030979820970078,10,53,11,7,Confined,3627
8,34,-6.603466396384101,4.578611376912471,11,78,11,8,Confined,3627
9,34,-6.242127840416307,5.205568765983942,12,39,11,9,Confined,3627
10,34,-5.987351897677306,5.172534244302943,13,38,11,10,Confined,3627
11,35,-0.7900738116572646,4.87985045662755,15,92,14,0,Confined,3627
12,35,-1.0154863325110577,4.700215129626481,16,108,14,1,Confined,3627
13,35,-1.3104648234098517,5.022774018173124,17,85,14,2,Confined,3627
14,35,-1.079620243749279,4.855188580405928,18,104,14,3,Confined,3627
15,35,-1.216689797172279,4.859985545520287,19,105,14,4,Confined,3627
16,35,-1.108122367141768,4.828988515668789,20,101,14,5,Confined,3627
17,35,-0.764740547874565,4.7715511925811755,21,74,14,6,Confined,3627
18,35,-0.7933978144298769,3.7625658443692602,22,314,14,7,Confined,3627
19,35,-0.8258865269657479,4.67238288566029,23,67,14,8,Confined,3627
20,35,-0.7598646972811757,4.738302489566192,24,138,14,9,Confined,3627
21,35,-0.7324338660783843,4.7568173059002135,25,160,14,10,Confined,3627
22,35,-1.318423184268841,4.835457910796016,26,52,14,11,Confined,3627
23,35,-1.5800453811310848,3.9758815822827045,27,52,14,12,Confined,3627
24,35,-0.6898631322897527,4.272326956961217,28,101,14,13,Confined,3627
25,36,-2.6791171911681784,1.644736749056522,14,150,18,0,Confined,3627
26,36,-2.71197267529363,1.7222709111730057,15,264,18,1,Confined,3627
27,36,-2.8315846658443897,1.4581823518487027,16,90,18,2,Confined,3627
28,36,-3.1659414410569107,1.3278069593495947,17,120,18,3,Confined,3627
29,36,-3.077324258420176,1.595475743371829,18,97,18,4,Confined,3627
30,36,-3.1788913356338178,2.0208295015642412,19,65,18,5,Confined,3627
31,36,-3.226482326172155,1.8963526399432857,20,145,18,6,Confined,3627
32,36,-3.142227658061675,1.691753029033013,21,117,18,7,Confined,3627
33,36,-3.1240212173620763,1.9099486676459332,22,338,18,8,Confined,3627
34,36,-3.0483450751339976,1.6282732791473977,23,330,18,9,Confined,3627
35,36,-3.1512886103246562,1.6426042194704704,24,377,18,10,Confined,3627
36,36,-2.5242021373549797,0.9462273989853184,25,376,18,11,Confined,3627
37,36,-2.4553770304226874,1.3257938082319132,26,234,18,12,Confined,3627
38,36,-2.961079227284933,0.8431304284365495,27,260,18,13,Confined,3627
39,36,-2.627125590724276,1.122375434450474,28,265,18,14,Confined,3627
40,36,-2.768379643397233,1.66478845398997,29,301,18,15,Confined,3627
41,36,-2.8096190570874175,0.8916296807935128,30,195,18,16,Confined,3627
42,36,-2.9517703614420916,0.9581279754272704,31,284,18,17,Confined,3627
43,37,-2.069414917053665,4.291020636832361,0,631,30,0,Confined,3627
44,37,-2.2685882592516116,3.9708825310191296,1,1027,30,1,Confined,3627
45,37,-2.0575943565587935,4.1136183773235,2,1005,30,2,Confined,3627
46,37,-1.7140085298156005,4.320673830583578,3,961,30,3,Confined,3627
47,37,-1.6443149152668073,4.3278126291605865,4,1072,30,4,Confined,3627
48,37,-0.7624653602834608,4.3839618961893985,5,1110,30,5,Confined,3627
49,37,-0.7806076446763118,4.259107103357545,6,1106,30,6,Confined,3627
50,37,-0.7587062457350533,4.398162948021302,7,1191,30,7,Confined,3627
51,37,-0.7883434360676252,4.2716221852712115,8,1048,30,8,Confined,3627
52,37,-0.948648432647677,4.012761398648383,9,1238,30,9,Confined,3627
53,37,-1.1275578565244113,3.9143674324984885,10,1085,30,10,Confined,3627
54,37,-1.0317829435981951,3.860347742559475,11,1284,30,11,Confined,3627
55,37,-0.8421298020145497,4.030199767889751,12,1214,30,12,Confined,3627
56,37,-0.8259501056139182,3.9411201956960715,13,1097,30,13,Confined,3627
57,37,-0.937621723069482,3.9168288192469944,14,1317,30,14,Confined,3627
58,37,-1.0089453105038049,3.8269891067264803,15,1126,30,15,Confined,3627
59,37,-1.0444237569580594,3.8667595678770574,16,1141,30,16,Confined,3627
60,37,-1.0009478890335748,3.775280253228851,17,1195,30,17,Confined,3627
61,37,-1.1189653752879616,3.8268755615019856,18,1186,30,18,Confined,3627
62,37,-1.2178106173726613,3.962510735576287,19,1148,30,19,Confined,3627
63,37,-1.1322530680051042,3.9890108244793407,20,1039,30,20,Confined,3627
64,37,-1.2158957564342516,3.932147497151987,21,1169,30,21,Confined,3627
65,37,-1.0429999963731555,3.9771261612211406,22,1200,30,22,Confined,3627
66,37,-1.115297840446441,3.8311667412704415,23,1373,30,23,Confined,3627
67,37,-1.086196928424493,3.8529678850557647,24,1421,30,24,Confined,3627
68,37,-1.1255000388387957,3.923041483298875,25,1383,30,25,Confined,3627
69,37,-0.9887773303937888,4.008500347359017,26,1691,30,26,Confined,3627
70,37,-0.7169758759009582,4.07990839032801,27,1745,30,27,Confined,3627
71,37,-0.7385865213270686,4.166096583159354,28,1685,30,28,Confined,3627
72,37,-0.9194857242513217,4.062809371901359,29,1689,30,29,Confined,3627
73,38,-6.046172135144607,2.0372897054657853,0,390,13,0,Confined,3627
74,38,-5.865598880614352,1.7414941609074892,1,344,13,1,Confined,3627
75,38,-5.477580773524599,1.7860437155060065,2,316,13,2,Confined,3627
76,38,-5.280180428364501,1.7439651354285748,3,273,13,3,Confined,3627
77,38,-5.3551634512856925,2.0471351866537333,4,147,13,4,Confined,3627
78,38,-5.317441914337512,2.4576554772704813,5,48,13,5,Confined,3627
79,38,-4.8901957369189315,2.438719038701401,7,75,13,6,Confined,3627
80,38,-5.252424874206762,2.3618646110957826,8,212,13,7,Confined,3627
81,38,-5.302141070810124,2.1286875361851245,10,120,13,8,Confined,3627
82,38,-5.449080066627909,1.837817581449136,11,67,13,9,Confined,3627
83,38,-5.478525739055379,1.8586126201984008,12,74,13,10,Confined,3627
84,38,-5.431887521491216,1.8176868605131637,13,115,13,11,Confined,3627
85,38,-5.12730070253628,1.6125406367949897,15,35,13,12,Confined,3627
86,39,2.677398136516823,-3.081801266796152,0,269,8,0,Confined,3627
87,39,2.7118208679968903,-3.3323636996988544,1,247,8,1,Confined,3627
88,39,2.924830315082996,-2.9620975629750044,2,100,8,2,Confined,3627
89,39,3.0707679232838516,-3.3611099561465174,3,63,8,3,Confined,3627
90,39,2.826751446673497,-3.153995374570756,4,120,8,4,Confined,3627
91,39,2.7935431663076526,-3.27048766789081,5,62,8,5,Confined,3627
92,39,2.7185001434216636,-3.150102086187087,6,44,8,6,Confined,3627
93,39,2.629390949648237,-3.1355473493583013,7,67,8,7,Confined,3627
94,40,-3.4893886849170057,2.0370410762002504,2,97,28,0,Confined,3627
95,40,-3.1786137587438015,2.0391791375554784,3,124,28,1,Confined,3627
96,40,-3.3076418866598427,2.2998554587625786,4,90,28,2,Confined,3627
97,40,-2.948472707020439,2.6791423675143826,5,164,28,3,Confined,3627
98,40,-2.822778544399948,2.5152100922005647,6,159,28,4,Confined,3627
99,40,-2.8215655830727764,2.5989704233167847,7,130,28,5,Confined,3627
100,40,-2.7512440085867147,2.632938883744496,8,131,28,6,Confined,3627
101,40,-3.0302982686240734,2.431529423111804,9,196,28,7,Confined,3627
102,40,-3.0545683280916767,2.5052435798744455,10,206,28,8,Confined,3627
103,40,-3.0656799119136706,2.453580167907093,11,164,28,9,Confined,3627
104,40,-2.9670022399837936,2.478156626800424,12,262,28,10,Confined,3627
105,40,-2.9209167166808556,2.410247989097804,13,141,28,11,Confined,3627
106,40,-2.8557299591173155,2.2712816025613476,14,96,28,12,Confined,3627
107,40,-2.695231985122308,2.298501304156828,15,274,28,13,Confined,3627
108,40,-2.8390610365373785,2.134128290050592,16,150,28,14,Confined,3627
109,40,-2.928909157028757,2.0403128239685153,17,177,28,15,Confined,3627
110,40,-2.772512767274941,2.3433301873088124,18,435,28,16,Confined,3627
111,40,-3.0378001843017954,2.0220249863101873,19,127,28,17,Confined,3627
112,40,-2.9816046431419263,2.1206342360547636,20,134,28,18,Confined,3627
113,40,-2.9213041506214825,2.252603687558633,21,164,28,19,Confined,3627
114,40,-2.8966469021108603,2.246040259581797,22,122,28,20,Confined,3627
115,40,-3.0185624070888304,2.108585750738761,23,226,28,21,Confined,3627
116,40,-2.9480426689153907,2.228247900296763,24,181,28,22,Confined,3627
117,40,-2.9098723026131976,2.1083960047739283,25,125,28,23,Confined,3627
118,40,-2.853154182636758,2.291734604894847,26,217,28,24,Confined,3627
119,40,-2.8122339242483476,2.445510300816733,27,355,28,25,Confined,3627
120,40,-2.7833063192799252,2.3531726269028934,28,267,28,26,Confined,3627
121,40,-2.6700162420356954,2.381623059827684,29,238,28,27,Confined,3627
122,41,0.054584121931870344,4.634741080753849,3,324,27,0,Confined,3627
123,41,0.026333949890467785,4.587649507130577,4,400,27,1,Confined,3627
124,41,0.2351622613857579,4.628324348474302,5,349,27,2,Confined,3627
125,41,0.23652033046693197,4.658614828744734,6,363,27,3,Confined,3627
126,41,0.27681322186976065,4.797914654588515,7,218,27,4,Confined,3627
127,41,0.20674137338439072,4.907936900691552,8,222,27,5,Confined,3627
128,41,0.41172643537074827,5.089284870269202,9,218,27,6,Confined,3627
129,41,0.4361937702397732,5.137087608540901,10,241,27,7,Confined,3627
130,41,0.4311871651981025,5.080449154803887,11,246,27,8,Confined,3627
131,41,0.4387346951976993,4.973230204118142,12,217,27,9,Confined,3627
132,41,0.48846030737728674,5.03560234787902,13,262,27,10,Confined,3627
133,41,0.6539137625506599,5.081430903188907,14,294,27,11,Confined,3627
134,41,0.7155675193498313,5.041406939539273,15,206,27,12,Confined,3627
135,41,0.8592427742473198,4.940389075140566,16,246,27,13,Confined,3627
136,41,0.8798439765701435,4.947094908691154,17,161,27,14,Confined,3627
137,41,0.9077311014706787,4.9364251513602335,18,159,27,15,Confined,3627
138,41,0.9478611846301145,5.044912958272538,19,176,27,16,Confined,3627
139,41,1.0466444733939233,5.147994206840617,20,171,27,17,Confined,3627
140,41,1.1488062482961965,4.983246431787197,21,200,27,18,Confined,3627
141,41,1.123433818839305,4.9778440815309475,22,104,27,19,Confined,3627
142,41,1.389981521854874,4.965299089101914,24,173,27,20,Confined,3627
143,41,1.4153715869211807,4.986744234815566,25,121,27,21,Confined,3627
144,41,1.336134868136159,4.970940382427865,26,187,27,22,Confined,3627
145,41,1.3881261997310115,4.996531604854674,27,191,27,23,Confined,3627
146,41,1.3938586533639825,4.990193629430269,29,100,27,24,Confined,3627
147,41,1.3566322439150889,5.059144633971656,30,179,27,25,Confined,3627
148,41,1.2872387449451654,5.10884213798434,31,91,27,26,Confined,3627
149,42,4.643335078813817,-3.5521642287255006,2,164,13,0,Confined,3627
150,42,4.8145225446202895,-3.204246131108365,3,143,13,1,Confined,3627
151,42,4.718962105804442,-2.9572468853425375,4,279,13,2,Confined,3627
152,42,4.584328112535566,-2.837701299898338,5,234,13,3,Confined,3627
153,42,4.528556413192985,-2.670817826061271,6,203,13,4,Confined,3627
154,42,4.482311012545666,-2.4545098679728046,7,196,13,5,Confined,3627
155,42,4.452780426531497,-2.5539626549043124,8,149,13,6,Confined,3627
156,42,4.532046013072266,-2.554449333806716,9,131,13,7,Confined,3627
157,42,4.409285653914123,-2.5240286384186073,10,116,13,8,Confined,3627
158,42,4.390850366630815,-2.6548422062740547,11,143,13,9,Confined,3627
159,42,4.447950336740907,-2.8170651952039454,12,121,13,10,Confined,3627
160,42,4.6477284842969135,-2.8304885007963274,13,85,13,11,Confined,3627
161,42,4.723873966632296,-2.745318076402931,14,41,13,12,Confined,3627
162,43,-4.00144801479722,-0.935588811487478,1,177,14,0,Confined,3627
163,43,-4.1431668564990165,-0.6201677281952723,2,138,14,1,Confined,3627
164,43,-4.150682736305677,-1.0727907838693993,3,116,14,2,Confined,3627
165,43,-3.4590338044447955,-1.33992323564399,4,173,14,3,Confined,3627
166,43,-3.3789291176373633,-1.248867057203049,5,172,14,4,Confined,3627
167,43,-3.1980100744917452,-1.2748358654701368,6,100,14,5,Confined,3627
168,43,-3.4421812295566556,-1.3337888517580967,7,146,14,6,Confined,3627
169,43,-3.2738855792563224,-1.2975941307986576,8,109,14,7,Confined,3627
170,43,-3.138394756121105,-1.2908563790734031,9,157,14,8,Confined,3627
171,43,-3.063305540667162,-1.2034733428521058,10,56,14,9,Confined,3627
172,43,-2.9406442296819666,-1.228671576903427,11,121,14,10,Confined,3627
173,43,-2.7476871578219524,-1.1044541034249076,12,57,14,11,Confined,3627
174,43,-2.5279804232661105,-1.1146167360904486,13,84,14,12,Confined,3627
175,43,-2.4091282072807436,-0.9832550329246691,14,46,14,13,Confined,3627
176,44,-3.9115926670264036,-5.425754541158909,0,606,32,0,Confined,3627
177,44,-3.9508173181046926,-5.2765113380283575,1,610,32,1,Confined,3627
178,44,-4.264466604760788,-5.025404420092857,2,503,32,2,Confined,3627
179,44,-4.370185513103658,-4.396243851574699,3,593,32,3,Confined,3627
180,44,-4.58710929470508,-4.266505324688229,4,602,32,4,Confined,3627
181,44,-4.63250842721864,-4.094360930322785,5,546,32,5,Confined,3627
182,44,-4.5621913858596175,-4.068114489088455,6,494,32,6,Confined,3627
183,44,-4.124310282929132,-4.2858610606410945,7,508,32,7,Confined,3627
184,44,-3.9734565696501596,-4.229098596847897,8,544,32,8,Confined,3627
185,44,-4.129477223942692,-4.183384956858104,9,585,32,9,Confined,3627
186,44,-4.111087867091704,-4.323655572009254,10,501,32,10,Confined,3627
187,44,-4.083353285626888,-4.055721863040125,11,543,32,11,Confined,3627
188,44,-4.161160709160941,-3.8969341904470816,12,518,32,12,Confined,3627
189,44,-4.292206295110611,-3.7302459016786065,13,475,32,13,Confined,3627
190,44,-4.239913358820559,-3.474007868129579,14,420,32,14,Confined,3627
191,44,-4.081833257057093,-3.461745915607306,15,563,32,15,Confined,3627
192,44,-4.18397747283405,-3.56149300063675,16,447,32,16,Confined,3627
193,44,-4.2468115157748745,-3.421558613747525,17,438,32,17,Confined,3627
194,44,-4.196443305752849,-3.4533585554860338,18,495,32,18,Confined,3627
195,44,-4.218433799757373,-3.258408857612158,19,461,32,19,Confined,3627
196,44,-4.059452397843199,-3.2802720125441414,20,494,32,20,Confined,3627
197,44,-4.137350593478623,-3.3511007929303935,21,481,32,21,Confined,3627
198,44,-4.154319211936508,-3.2002727857506,22,366,32,22,Confined,3627
199,44,-4.211009826767535,-3.317428992816064,23,428,32,23,Confined,3627
200,44,-4.249292032475205,-3.216850848580335,24,452,32,24,Confined,3627
201,44,-4.172952326382053,-3.2769043491435883,25,415,32,25,Confined,3627
202,44,-4.371063622941231,-3.2532491026574104,26,475,32,26,Confined,3627
203,44,-4.3416444143146995,-3.263849132108838,27,458,32,27,Confined,3627
204,44,-4.396118645804004,-3.1595502900864423,28,452,32,28,Confined,3627
205,44,-4.62708666846688,-3.1853856233516895,29,481,32,29,Confined,3627
206,44,-4.550618104092524,-3.2062123698704927,30,446,32,30,Confined,3627
207,44,-4.489007647970124,-3.28530550690438,31,526,32,31,Confined,3627
208,45,7.399568445981449,0.5900377884188714,0,522,32,0,Confined,3627
209,45,7.70200741216179,-0.12966532084052393,1,454,32,1,Confined,3627
210,45,7.435017439544807,-0.48555993841151973,2,455,32,2,Confined,3627
211,45,7.264034881698445,-0.6907616307452374,3,374,32,3,Confined,3627
212,45,7.143560635870132,-0.5262984209443566,4,446,32,4,Confined,3627
213,45,6.917222780476406,-0.540857910400063,5,401,32,5,Confined,3627
214,45,7.249808138582949,-0.20336781919903746,6,335,32,6,Confined,3627
215,45,7.134217697500701,0.05489608497598585,7,377,32,7,Confined,3627
216,45,7.071079063834006,0.7776305050428591,8,455,32,8,Confined,3627
217,45,6.9721405442923094,0.34750096298257527,9,412,32,9,Confined,3627
218,45,7.031696253332433,0.4926843245201021,10,397,32,10,Confined,3627
219,45,7.118974586348725,0.36942724155122425,11,348,32,11,Confined,3627
220,45,7.275359520954891,0.27077439179229845,12,375,32,12,Confined,3627
221,45,7.007203810152548,0.27762567726876475,13,339,32,13,Confined,3627
222,45,6.981737394604099,0.2531843530054457,14,365,32,14,Confined,3627
223,45,6.806072013075481,0.15651947022876078,15,319,32,15,Confined,3627
224,45,6.7066378337294825,0.46510023107750276,16,295,32,16,Confined,3627
225,45,6.8509212006749305,0.2287385053427932,17,359,32,17,Confined,3627
226,45,6.831327751157721,0.15433306313924516,18,369,32,18,Confined,3627
227,45,6.611743989351566,-0.07329829164883188,19,385,32,19,Confined,3627
228,45,6.539032800642524,0.07442022574389084,20,385,32,20,Confined,3627
229,45,6.409450162045159,0.05912733131129448,21,317,32,21,Confined,3627
230,45,6.734133861833984,-0.012082933850444372,22,352,32,22,Confined,3627
231,45,6.735476582341325,-0.19816900532100243,23,426,32,23,Confined,3627
232,45,6.641879158000985,-0.2692384676279482,24,315,32,24,Confined,3627
233,45,6.638761787821236,-0.08693937290058755,25,284,32,25,Confined,3627
234,45,6.824138081319422,-0.11002694225640766,26,252,32,26,Confined,3627
235,45,6.813232543208127,0.10387214855809263,27,275,32,27,Confined,3627
236,45,6.641881065178656,-0.13923742881476087,28,346,32,28,Confined,3627
237,45,6.672151651266818,-0.1113614642659652,29,346,32,29,Confined,3627
238,45,5.961341574741055,-0.22546164211039105,30,179,32,30,Confined,3627
239,45,5.783434261128822,-0.35822980613508065,31,172,32,31,Confined,3627
240,46,-1.873333344789832,5.378650440426207,0,621,30,0,Confined,3627
241,46,-1.4085583391310625,5.461615693333007,1,552,30,1,Confined,3627
242,46,-1.0424765338502173,5.544773618557829,2,494,30,2,Confined,3627
243,46,-0.9325343817920766,5.218426969157536,3,484,30,3,Confined,3627
244,46,-1.217619403260426,5.045743327363316,4,471,30,4,Confined,3627
245,46,-1.472196539835949,5.163142542846383,5,411,30,5,Confined,3627
246,46,-1.1745756352630554,5.067672378488026,6,453,30,6,Confined,3627
247,46,-1.4224075677512895,4.786497577018424,7,464,30,7,Confined,3627
248,46,-1.6436864901089072,5.017268672158759,8,477,30,8,Confined,3627
249,46,-1.8266094894027203,4.765641691709017,9,425,30,9,Confined,3627
250,46,-1.8811528081772746,4.992871131903016,10,403,30,10,Confined,3627
251,46,-1.663793987493528,5.009954355444168,11,449,30,11,Confined,3627
252,46,-1.3953078984356906,5.368382061598399,12,361,30,12,Confined,3627
253,46,-1.3331467274818598,5.474883741784892,13,279,30,13,Confined,3627
254,46,-1.128902287391986,5.477166060441843,14,280,30,14,Confined,3627
255,46,-1.3775084257959918,5.154017087783624,15,165,30,15,Confined,3627
256,46,-1.2426781478883464,5.336535424040889,16,343,30,16,Confined,3627
257,46,-1.1580221928785923,5.2177447130626495,17,175,30,17,Confined,3627
258,46,-1.098799416863961,5.208074323301849,18,108,30,18,Confined,3627
259,46,-0.8280144555655868,4.991412186407591,19,232,30,19,Confined,3627
260,46,-0.922051882459912,5.156276878587277,21,185,30,20,Confined,3627
261,46,-0.6339322746467568,5.292112901504569,23,156,30,21,Confined,3627
262,46,-0.8576659335741067,5.188409041529557,24,182,30,22,Confined,3627
263,46,-0.9027793581454711,5.201132912630781,25,110,30,23,Confined,3627
264,46,-0.7986984266170858,5.458451629172165,26,189,30,24,Confined,3627
265,46,-0.8362607616047065,5.556928255509961,27,85,30,25,Confined,3627
266,46,-1.0421046107162835,5.178410674825838,28,171,30,26,Confined,3627
267,46,-1.072929160001075,5.235244930715985,29,229,30,27,Confined,3627
268,46,-1.039067840309881,5.192158666795302,30,102,30,28,Confined,3627
269,46,-1.0777989810052393,4.8507842157527445,31,51,30,29,Confined,3627
270,47,-4.465440943299814,4.921758443452804,0,498,8,0,Confined,3627
271,47,-3.8362720843318514,4.801811835804729,1,419,8,1,Confined,3627
272,47,-3.80175003944679,4.963352288479238,2,340,8,2,Confined,3627
273,47,-3.60641942934104,4.869981944816991,3,73,8,3,Confined,3627
274,47,-3.9749162649062453,5.245698111024977,5,257,8,4,Confined,3627
275,47,-3.864485318456181,5.247426718921175,6,37,8,5,Confined,3627
276,47,-4.016188722073231,5.172792847236452,7,223,8,6,Confined,3627
277,47,-4.392368815389575,4.902776219328574,8,321,8,7,Confined,3627
278,48,-3.9300018536238173,-2.6617135675365557,1,225,30,0,Confined,3627
279,48,-4.104707423677079,-2.3075252271653155,2,47,30,1,Confined,3627
280,48,-3.849224309478027,-1.456455597991223,3,96,30,2,Confined,3627
281,48,-3.7152880156353127,-1.2237100256849078,4,140,30,3,Confined,3627
282,48,-3.914491832306703,-0.939865994299899,5,365,30,4,Confined,3627
283,48,-3.873047102911443,-0.5520199068971907,6,322,30,5,Confined,3627
284,48,-3.7772567336845637,-0.5143748917790835,7,431,30,6,Confined,3627
285,48,-3.795608084667041,-0.5274712126955959,8,662,30,7,Confined,3627
286,48,-4.036634158674627,-0.6215841293522748,9,572,30,8,Confined,3627
287,48,-4.21348113997451,-0.38906130340360673,10,525,30,9,Confined,3627
288,48,-4.179384238899667,-0.39867061058203046,11,472,30,10,Confined,3627
289,48,-4.205897200128281,0.07131457283679307,12,517,30,11,Confined,3627
290,48,-4.299097629847452,0.055771757268766826,13,625,30,12,Confined,3627
291,48,-4.338427293731801,0.2887053905348289,14,507,30,13,Confined,3627
292,48,-4.049647871523475,0.1747654438617217,15,433,30,14,Confined,3627
293,48,-4.219420170990537,-0.17006838080835518,16,158,30,15,Confined,3627
294,48,-4.101557835068179,0.32396967968480844,17,428,30,16,Confined,3627
295,48,-4.154957239086184,0.09590158996850956,18,500,30,17,Confined,3627
296,48,-4.021283964304367,0.14099994620919395,19,584,30,18,Confined,3627
297,48,-3.9796175014466897,-0.025553190405181135,20,644,30,19,Confined,3627
298,48,-4.182455852331425,0.2898884042112674,21,549,30,20,Confined,3627
299,48,-4.109366032532214,0.7105771149651754,22,710,30,21,Confined,3627
300,48,-4.174398449097307,0.5093510368067702,23,448,30,22,Confined,3627
301,48,-4.1979272019667295,0.36793196013637597,24,413,30,23,Confined,3627
302,48,-4.192250449054563,0.24883600353987492,25,550,30,24,Confined,3627
303,48,-4.260892871061532,0.49146569843623356,26,462,30,25,Confined,3627
304,48,-4.298820347900765,0.3001142025041452,27,455,30,26,Confined,3627
305,48,-4.325103052583664,0.41337674381186656,28,590,30,27,Confined,3627
306,48,-4.4829082581342,0.3139755008874263,29,527,30,28,Confined,3627
307,48,-4.555022900489572,0.4168771275513564,30,694,30,29,Confined,3627
308,49,-2.0905761043883406,1.397959680169867,1,109,31,0,Confined,3627
309,49,-2.153113274740907,1.0621454584138776,2,108,31,1,Confined,3627
310,49,-2.0789380594780265,0.923960027008777,3,45,31,2,Confined,3627
311,49,-2.1587012037886235,1.3178194342454033,4,246,31,3,Confined,3627
312,49,-2.347633174125278,1.3472749699973747,5,127,31,4,Confined,3627
313,49,-2.366840087931538,1.4719062896683928,6,204,31,5,Confined,3627
314,49,-2.2194616232235513,1.5570105192972858,7,460,31,6,Confined,3627
315,49,-2.1553238091965783,1.4768340506538746,8,249,31,7,Confined,3627
316,49,-2.4156702309356977,1.631670552077403,9,594,31,8,Confined,3627
317,49,-2.585609439626077,1.7072658742967377,10,574,31,9,Confined,3627
318,49,-2.648668414063419,1.5804281688764035,11,502,31,10,Confined,3627
319,49,-2.48004881162938,2.2662622142642124,12,712,31,11,Confined,3627
320,49,-2.385456189847451,2.726858792022866,13,610,31,12,Confined,3627
321,49,-2.324008213471722,2.5548692124352006,14,688,31,13,Confined,3627
322,49,-2.43243932131838,2.4003009989098123,15,536,31,14,Confined,3627
323,49,-2.5440421265631756,2.4444743551261783,16,461,31,15,Confined,3627
324,49,-2.2585716426140423,2.430638575496508,17,810,31,16,Confined,3627
325,49,-2.236335629911871,2.4431077330877824,18,654,31,17,Confined,3627
326,49,-2.212155933182041,1.9888273542841797,19,855,31,18,Confined,3627
327,49,-2.2516334331237084,1.9416806543153147,20,700,31,19,Confined,3627
328,49,-2.346463364491395,2.137843163113566,21,273,31,20,Confined,3627
329,49,-2.261351589510446,2.627910764132906,22,781,31,21,Confined,3627
330,49,-2.017802959785991,2.8236314843554067,23,837,31,22,Confined,3627
331,49,-2.1475890043061914,2.6774794331098124,24,710,31,23,Confined,3627
332,49,-1.9719831568467707,2.472905672371043,25,672,31,24,Confined,3627
333,49,-2.2072319238565625,2.199299429379204,26,552,31,25,Confined,3627
334,49,-2.4154163709763496,2.4430511271872564,27,821,31,26,Confined,3627
335,49,-2.217420545396948,2.604901779113021,28,737,31,27,Confined,3627
336,49,-2.3828319126106536,2.716238153983852,29,748,31,28,Confined,3627
337,49,-2.9577009903923437,2.4076420505226195,30,856,31,29,Confined,3627
338,49,-3.3048610764601074,2.4103113442825133,31,1654,31,30,Confined,3627
339,50,-0.39271672643234634,7.464496696464848,0,60,31,0,Confined,3627
340,50,0.2946376701857086,7.347729575320584,1,70,31,1,Confined,3627
341,50,0.7938986071886392,6.734796693675442,3,90,31,2,Confined,3627
342,50,0.7842950242317976,6.693049326474556,4,86,31,3,Confined,3627
343,50,0.7096957156385026,6.5479567180288685,5,100,31,4,Confined,3627
344,50,0.789701293737408,6.511698560530226,6,86,31,5,Confined,3627
345,50,0.5362201976976706,6.502204759503913,7,101,31,6,Confined,3627
346,50,0.12110680459717818,6.818526613029366,8,127,31,7,Confined,3627
347,50,0.1571992570475844,6.372837253575144,9,116,31,8,Confined,3627
348,50,0.18859186435449377,6.852917917375613,10,99,31,9,Confined,3627
349,50,0.27187906225646913,6.291260753768626,11,151,31,10,Confined,3627
350,50,0.5217676209548903,6.629182691792299,12,160,31,11,Confined,3627
351,50,0.6170132838367601,6.5739267299003465,13,190,31,12,Confined,3627
352,50,0.7971431875711934,6.423766145125201,14,194,31,13,Confined,3627
353,50,0.5356881779775926,6.392334274747602,15,159,31,14,Confined,3627
354,50,0.774750715085415,6.495146110680074,16,174,31,15,Confined,3627
355,50,0.7899483918390166,6.4787740319995235,17,172,31,16,Confined,3627
356,50,0.8718375544622028,6.492039860936257,18,155,31,17,Confined,3627
357,50,1.1101060185723457,6.208217617442076,19,240,31,18,Confined,3627
358,50,0.9730080447088028,6.5630305213103926,20,174,31,19,Confined,3627
359,50,0.9445436684756392,6.601243822454221,21,195,31,20,Confined,3627
360,50,0.8786066027978372,6.290097943066308,22,249,31,21,Confined,3627
361,50,1.0003964283943863,6.243965066084174,23,215,31,22,Confined,3627
362,50,1.0182996341914636,6.259423225493743,24,162,31,23,Confined,3627
363,50,1.0815941421267117,6.254073925151194,25,167,31,24,Confined,3627
364,50,1.1012103502269852,6.173960032533508,26,153,31,25,Confined,3627
365,50,1.08012969252513,5.959826810828463,27,193,31,26,Confined,3627
366,50,1.0682902149554903,5.961674077002171,28,237,31,27,Confined,3627
367,50,1.1017969799400233,6.32333474893473,29,215,31,28,Confined,3627
368,50,1.1619727479254114,6.492794364274291,30,175,31,29,Confined,3627
369,50,1.2068753597655504,6.652595574779115,31,174,31,30,Confined,3627
0,51,6.288308012393107,3.260450328281277,1,321,25,0,Confined,3625
1,51,6.330465548962189,3.0782250265430413,2,231,25,1,Confined,3625
2,51,6.218643776638877,2.9335641309046765,3,307,25,2,Confined,3625
3,51,6.348141854021241,2.784993364914609,4,272,25,3,Confined,3625
4,51,6.074148529419451,2.42235973127604,5,143,25,4,Confined,3625
5,51,6.024816437471745,2.441689716955809,6,70,25,5,Confined,3625
6,51,5.536408861930407,2.7387911047371123,8,54,25,6,Confined,3625
7,51,5.573977465884214,3.176509762186346,10,198,25,7,Confined,3625
8,51,5.583884828781482,3.436091138195613,11,263,25,8,Confined,3625
9,51,5.536054798703615,3.4470272841334104,12,440,25,9,Confined,3625
10,51,5.385008394044851,3.6132489985309753,13,457,25,10,Confined,3625
11,51,5.164542318551466,3.7875178430238257,14,493,25,11,Confined,3625
12,51,4.870263612474857,3.9002840438230955,15,513,25,12,Confined,3625
13,51,4.736717537614094,3.9715416601465816,16,528,25,13,Confined,3625
14,51,4.965378141969161,3.9763330042116345,17,479,25,14,Confined,3625
15,51,4.947171107549507,3.783920549404329,18,500,25,15,Confined,3625
16,51,4.709833315075125,3.5504813509289277,19,477,25,16,Confined,3625
17,51,4.586174436024148,3.4621989046431088,20,397,25,17,Confined,3625
18,51,4.555846610769316,3.5580888865393705,21,386,25,18,Confined,3625
19,51,4.427941031495525,3.7548601997664464,22,392,25,19,Confined,3625
20,51,4.451824811029107,3.718080551098696,23,324,25,20,Confined,3625
21,51,4.568683918612093,3.8287327346149977,24,362,25,21,Confined,3625
22,51,4.393486765689962,3.694858023349985,25,372,25,22,Confined,3625
23,51,4.495081525326171,3.9600369056663487,26,357,25,23,Confined,3625
24,51,4.5006662771452435,4.017102652733559,27,345,25,24,Confined,3625
25,52,4.435713990969178,-2.039422957204914,0,120,9,0,Confined,3625
26,52,4.357717812314128,-2.178493873377276,1,142,9,1,Confined,3625
27,52,4.319536341257142,-2.209323016688893,2,149,9,2,Confined,3625
28,52,4.102267880873405,-2.2865941752842485,3,67,9,3,Confined,3625
29,52,3.974596050268707,-2.568610844010338,4,87,9,4,Confined,3625
30,52,3.7117458071417304,-2.6005213126800024,5,168,9,5,Confined,3625
31,52,3.6377787858083397,-2.6887535315764817,6,73,9,6,Confined,3625
32,52,3.7769988619304073,-2.469127784151776,8,90,9,7,Confined,3625
33,52,3.999940027060968,-2.2232357123329276,9,33,9,8,Confined,3625
34,53,0.5035904574820635,-3.3831278416952437,4,283,19,0,Confined,3625
35,53,-0.2147404414521989,-3.731636695132195,5,381,19,1,Confined,3625
36,53,0.1611224215306035,-3.143018314926474,6,466,19,2,Confined,3625
37,53,-0.5570284518884748,-3.460002082380643,7,581,19,3,Confined,3625
38,53,-0.46933581225505855,-3.9566170197407464,8,532,19,4,Confined,3625
39,53,-0.5558486234189866,-3.8548893543430913,9,483,19,5,Confined,3625
40,53,-0.0996498068430591,-3.797737406219019,10,366,19,6,Confined,3625
41,53,0.4173395790466076,-3.6920871706944816,11,441,19,7,Confined,3625
42,53,0.2225844823440289,-3.5092942414790596,12,449,19,8,Confined,3625
43,53,0.07924479848526216,-3.2720792802756646,13,410,19,9,Confined,3625
44,53,0.3516220816731633,-3.3115072341783756,14,379,19,10,Confined,3625
45,53,1.127302882032402,-2.4897306753648096,15,477,19,11,Confined,3625
46,53,1.0257296931259023,-2.6502133461168427,16,508,19,12,Confined,3625
47,53,1.791072998946064,-1.9994350698169199,17,496,19,13,Confined,3625
48,53,1.2428110899024496,-2.700072627066259,18,408,19,14,Confined,3625
49,53,1.394933740336638,-2.6246372383759873,19,386,19,15,Confined,3625
50,53,0.44700468978687236,-2.925333984588109,20,242,19,16,Confined,3625
51,53,1.2378289769178497,-3.1105520530115798,21,225,19,17,Confined,3625
52,53,0.15965890688967066,-2.882681060111444,23,187,19,18,Confined,3625
53,54,-5.426729370784462,2.752167005690234,1,174,24,0,Confined,3625
54,54,-5.59204060819001,3.1259208875166,2,139,24,1,Confined,3625
55,54,-5.674087343007192,3.399498362029184,3,67,24,2,Confined,3625
56,54,-5.438486071170573,4.34805647233149,4,92,24,3,Confined,3625
57,54,-5.231638807730813,4.016449525058152,6,134,24,4,Confined,3625
58,54,-5.098903822661559,3.8931883707921853,7,167,24,5,Confined,3625
59,54,-5.1389039585824134,3.3583111902071976,8,39,24,6,Confined,3625
60,54,-5.62403241612085,3.1462546285761612,9,96,24,7,Confined,3625
61,54,-5.919261688031179,2.9773205632664523,10,101,24,8,Confined,3625
62,54,-6.108546423046539,3.017587920880609,11,78,24,9,Confined,3625
63,54,-6.232037428569109,2.5063022841334104,12,100,24,10,Confined,3625
64,54,-6.0047036515540775,2.6252591382923893,13,186,24,11,Confined,3625
65,54,-5.986152750882144,2.4429747629801377,14,39,24,12,Confined,3625
66,54,-5.94971542128378,2.247921118517408,15,264,24,13,Confined,3625
67,54,-5.96950095465395,2.2441316027426446,16,291,24,14,Confined,3625
68,54,-6.007433467122107,2.024575656750335,17,265,24,15,Confined,3625
69,54,-5.870698695165424,1.909752146689398,18,221,24,16,Confined,3625
70,54,-5.9441267305396375,1.8946810813871473,19,273,24,17,Confined,3625
71,54,-5.769595576356846,1.8631039338878677,20,177,24,18,Confined,3625
72,54,-5.679950881238179,2.1115562164919677,21,282,24,19,Confined,3625
73,54,-5.818111756043333,2.075143033595343,22,302,24,20,Confined,3625
74,54,-5.74619196872775,1.926432325201041,23,393,24,21,Confined,3625
75,54,-5.796781006666415,1.7731596723923728,24,305,24,22,Confined,3625
76,54,-5.835529797585472,2.406307527072069,25,52,24,23,Confined,3625
77,55,-0.8211049490155871,-0.8470687266869971,9,57,17,0,Confined,3625
78,55,-0.5855498068430603,-0.541957441496047,10,79,17,1,Confined,3625
79,55,-0.052249661912935425,-0.5618243260829532,11,76,17,2,Confined,3625
80,55,-0.40243696703064896,-0.3395013056101785,12,117,17,3,Confined,3625
81,55,-0.3261937984719959,-0.35287914021287925,13,101,17,4,Confined,3625
82,55,-0.4103728588443575,-0.33638299680393674,14,171,17,5,Confined,3625
83,55,-0.37373003412069333,-0.23846539929894753,15,199,17,6,Confined,3625
84,55,-0.5025901221603436,-0.43176681986025534,16,266,17,7,Confined,3625
85,55,-0.2227678723723086,-0.781741800181577,17,345,17,8,Confined,3625
86,55,-0.2908934695563241,-0.7135104462760149,18,463,17,9,Confined,3625
87,55,-0.7259456974757855,-0.5373150167878039,19,227,17,10,Confined,3625
88,55,-0.3552754811629766,-0.46270603825051265,20,292,17,11,Confined,3625
89,55,-0.09605429352240091,-0.4833034743952282,21,265,17,12,Confined,3625
90,55,-0.3162302790571649,-0.5794036928546616,22,281,17,13,Confined,3625
91,55,-0.3573423315004214,-0.39597818929804857,23,323,17,14,Confined,3625
92,55,-0.38627281799096624,-0.3968695753195874,24,326,17,15,Confined,3625
93,55,-0.34161340962560677,-0.049515048178764856,25,69,17,16,Confined,3625
0,56,-1.5864492932939704,3.555004276763142,1,164,27,0,Confined,3625
1,56,-1.6905284793969364,3.7748877710132267,2,439,27,1,Confined,3625
2,56,-1.9665397071658837,3.5681817052817957,3,461,27,2,Confined,3625
3,56,-2.4467771430339775,3.4210918744334813,4,377,27,3,Confined,3625
4,56,-2.9867694560634845,3.34751954887073,5,407,27,4,Confined,3625
5,56,-2.9335960664632226,2.830645977464432,6,422,27,5,Confined,3625
6,56,-3.0302895469995934,2.517065250563306,7,348,27,6,Confined,3625
7,56,-3.1332463308962066,2.4222001162113966,8,515,27,7,Confined,3625
8,56,-2.839946454411848,2.3192131764100234,9,574,27,8,Confined,3625
9,56,-2.880421167975072,2.600201033052001,10,616,27,9,Confined,3625
10,56,-2.631670233701691,2.6659484187134352,11,615,27,10,Confined,3625
11,56,-2.47478066246201,2.3005337060658313,12,650,27,11,Confined,3625
12,56,-2.1640850498756485,2.035723992038672,13,598,27,12,Confined,3625
13,56,-2.1529879928235296,1.985151338488291,14,587,27,13,Confined,3625
14,56,-2.0800454241024537,1.81132803015694,15,582,27,14,Confined,3625
15,56,-1.8590042422199762,1.5894595568537881,16,565,27,15,Confined,3625
16,56,-1.9984406646411599,1.6804028119298022,17,647,27,16,Confined,3625
17,56,-2.1234316566982887,1.5120661798842614,18,682,27,17,Confined,3625
18,56,-2.138651514891349,1.5855267751430275,19,754,27,18,Confined,3625
19,56,-1.919407479938989,1.4126913933432768,20,882,27,19,Confined,3625
20,56,-2.039077986298235,1.3077166217197762,21,987,27,20,Confined,3625
21,56,-2.374791604505742,1.1858759554371197,22,848,27,21,Confined,3625
22,56,-2.3281583668335926,0.7765753728902781,23,949,27,22,Confined,3625
23,56,-2.134114210160314,0.6348017560472743,24,939,27,23,Confined,3625
24,56,-1.7400265638047776,0.6655290230261932,25,1019,27,24,Confined,3625
25,56,-1.6920714513119146,0.6122250064441754,26,983,27,25,Confined,3625
26,56,-1.658160540513789,0.718627615654316,27,1090,27,26,Confined,3625
27,57,-0.13410100678579154,9.459747060029581,1,237,26,0,Confined,3625
28,57,-0.5952438662732684,9.724732238434994,2,217,26,1,Confined,3625
29,57,-1.0871423497866561,9.573275487443711,3,137,26,2,Confined,3625
30,57,-1.6202571893380842,9.246862567921779,4,173,26,3,Confined,3625
31,57,-2.1558811303351546,8.995889794570973,5,210,26,4,Confined,3625
32,57,-2.487189522872347,8.931236248598568,6,215,26,5,Confined,3625
33,57,-2.802308306013624,8.641498943365193,7,263,26,6,Confined,3625
34,57,-2.6023580687602816,8.609065310386153,8,300,26,7,Confined,3625
35,57,-2.4074396717980155,8.645716542027458,9,295,26,8,Confined,3625
36,57,-2.3279820543109544,8.602461976275446,10,351,26,9,Confined,3625
37,57,-2.3859966615156556,8.645502365085198,11,322,26,10,Confined,3625
38,57,-2.4137542710592923,8.310428991133707,12,408,26,11,Confined,3625
39,57,-2.454292495182636,8.388068434522792,13,436,26,12,Confined,3625
40,57,-2.578794460884416,8.501804976278464,14,431,26,13,Confined,3625
41,57,-2.580516143510786,8.406013854899209,15,460,26,14,Confined,3625
42,57,-2.585814724147685,8.3187778701068,16,498,26,15,Confined,3625
43,57,-2.5920101932189894,8.129464943596943,17,493,26,16,Confined,3625
44,57,-2.5674050277017906,7.996554732205268,18,451,26,17,Confined,3625
45,57,-2.6145637183552264,7.907368883428251,19,425,26,18,Confined,3625
46,57,-2.7675182115197616,7.988329694680763,20,472,26,19,Confined,3625
47,57,-2.927409175723022,8.10345882364671,21,424,26,20,Confined,3625
48,57,-3.204454463222267,8.170583686908143,22,334,26,21,Confined,3625
49,57,-3.3318302640015345,8.013334353043016,23,194,26,22,Confined,3625
50,57,-3.5900550230785777,8.001835009287232,25,33,26,23,Confined,3625
51,57,-3.628566501055873,8.017196307330426,26,472,26,24,Confined,3625
52,57,-3.762566119477781,8.070529184759865,27,523,26,25,Confined,3625
53,58,-3.4860715626471004,8.08921315799326,1,69,26,0,Confined,3625
54,58,-3.78116039853133,8.143168355946516,2,112,26,1,Confined,3625
55,58,-4.35122093219157,7.849432921174023,3,114,26,2,Confined,3625
56,58,-4.753864563659329,7.6083308986276785,4,99,26,3,Confined,3625
57,58,-5.346398790602505,7.14264670794894,6,121,26,4,Confined,3625
58,58,-5.738111781872725,6.712201278539883,7,106,26,5,Confined,3625
59,58,-5.610131222606438,6.648993387309231,8,130,26,6,Confined,3625
60,58,-5.564204042895254,6.744259191447618,9,190,26,7,Confined,3625
61,58,-5.436186162389254,6.7704412980289606,10,279,26,8,Confined,3625
62,58,-5.2726810350954185,6.759658871675109,11,287,26,9,Confined,3625
63,58,-5.314707050829738,6.422806143214049,12,328,26,10,Confined,3625
64,58,-5.231444071448974,6.330275571903565,13,353,26,11,Confined,3625
65,58,-5.191186318056519,6.426243701199984,14,408,26,12,Confined,3625
66,58,-5.199520457772897,6.382703225445529,15,421,26,13,Confined,3625
67,58,-5.235299536337626,6.4134136745008465,16,425,26,14,Confined,3625
68,58,-5.2406664424304354,6.479376842235299,17,418,26,15,Confined,3625
69,58,-5.230391792763112,6.329819397351703,18,422,26,16,Confined,3625
70,58,-5.278541167271638,6.421654679093884,19,475,26,17,Confined,3625
71,58,-5.162605017576997,6.550429263310934,20,610,26,18,Confined,3625
72,58,-5.1917538137025945,6.223611797761096,21,449,26,19,Confined,3625
73,58,-5.461139445974159,6.217973253427275,22,368,26,20,Confined,3625
74,58,-5.5409542059440176,6.247609719293691,23,380,26,21,Confined,3625
75,58,-5.767669849569693,6.292193347446981,24,370,26,22,Confined,3625
76,58,-5.819856747216511,6.145079405838958,25,464,26,23,Confined,3625
77,58,-5.971414055843736,6.030539531717774,26,471,26,24,Confined,3625
78,58,-6.060626785908572,5.981789955826242,27,508,26,25,Confined,3625
79,59,2.207473853406058,-1.656984252887472,4,152,24,0,Confined,3625
80,59,2.2655539824467983,-1.4190525738500799,5,76,24,1,Confined,3625
81,59,2.778423639351132,-1.174322985661217,6,164,24,2,Confined,3625
82,59,2.6574253345747647,-1.1999469490187231,7,297,24,3,Confined,3625
83,59,2.7795049312397153,-1.215159689613846,8,339,24,4,Confined,3625
84,59,2.8402653392557804,-1.243971606198675,9,322,24,5,Confined,3625
85,59,2.625018462117796,-1.1230025525115126,10,379,24,6,Confined,3625
86,59,2.4708225487771522,-1.2527929617411824,11,441,24,7,Confined,3625
87,59,2.614426478967989,-1.585935398258415,12,539,24,8,Confined,3625
88,59,2.55222169903582,-1.8552891429395573,13,636,24,9,Confined,3625
89,59,2.5815401802980706,-2.0908130069448108,14,715,24,10,Confined,3625
90,59,2.559661207099625,-1.9359493224406927,15,812,24,11,Confined,3625
91,59,2.5388055289470732,-2.143063143375046,16,874,24,12,Confined,3625
92,59,2.5835197713421,-2.2932531370028353,17,961,24,13,Confined,3625
93,59,2.7348585684995177,-2.3857413645189944,18,795,24,14,Confined,3625
94,59,2.5562680780361458,-2.441508641289368,19,802,24,15,Confined,3625
95,59,2.7917900647796112,-2.3776231622176645,20,842,24,16,Confined,3625
96,59,2.858082697592345,-2.4672993530956844,21,980,24,17,Confined,3625
97,59,2.7535606943746265,-2.5134997637729137,22,1092,24,18,Confined,3625
98,59,2.8405817331684697,-2.6196644164132192,23,1224,24,19,Confined,3625
99,59,2.9209049726209244,-2.3800728260949833,24,1425,24,20,Confined,3625
100,59,3.1736564932362,-2.085160960002592,25,1563,24,21,Confined,3625
101,59,3.3556662025251143,-1.9332599355012305,26,1596,24,22,Confined,3625
102,59,3.589567557891363,-2.0003183826409217,27,1636,24,23,Confined,3625
103,60,-0.6593542622468442,-1.307428242179302,6,58,22,0,Confined,3625
104,60,-0.6580688573444238,-1.4643947709884189,7,64,22,1,Confined,3625
105,60,-0.5511051527938997,-1.5174201938155278,8,119,22,2,Confined,3625
106,60,-0.6025184789854804,-1.7746578762215568,9,133,22,3,Confined,3625
107,60,-0.8386517124306107,-1.748700203211733,10,156,22,4,Confined,3625
108,60,-0.7659746028892657,-2.050531595324112,11,139,22,5,Confined,3625
109,60,-0.7044604143230507,-2.4292346711053847,12,186,22,6,Confined,3625
110,60,-0.5398681952642885,-2.72964938693837,13,191,22,7,Confined,3625
111,60,-0.5066892369513493,-2.839204895056698,14,198,22,8,Confined,3625
112,60,-0.41740441740379486,-2.781025200400328,15,217,22,9,Confined,3625
113,60,-0.4428732218118165,-2.878010647227843,16,245,22,10,Confined,3625
114,60,-0.33732243094718367,-2.919124038147479,17,250,22,11,Confined,3625
115,60,-0.12811859029939565,-2.946428267095897,18,257,22,12,Confined,3625
116,60,-0.24501368744066981,-2.8846121307409227,19,274,22,13,Confined,3625
117,60,-0.004494847989664481,-2.8392287638230362,20,290,22,14,Confined,3625
118,60,-0.1371853899652579,-2.8899758902912076,21,310,22,15,Confined,3625
119,60,-0.2112287028618034,-2.909728220959292,22,303,22,16,Confined,3625
120,60,0.06745194095307251,-3.0998639020731553,23,335,22,17,Confined,3625
121,60,0.10559918314724061,-3.2258778260949827,24,380,22,18,Confined,3625
122,60,0.5095419877909863,-3.270191349408419,25,368,22,19,Confined,3625
123,60,0.8854937395127435,-3.242237217819929,26,465,22,20,Confined,3625
124,60,1.0260901404527416,-3.3312995390168307,27,426,22,21,Confined,3625
125,61,-2.4091428724954365,-5.5777753273802455,5,41,13,0,Confined,3625
126,61,-2.1035380984537437,-5.867168199075851,6,80,13,1,Confined,3625
127,61,-2.033053133276412,-6.042933883162233,8,93,13,2,Confined,3625
128,61,-1.9722823887599166,-5.982845846146369,9,133,13,3,Confined,3625
129,61,-2.019008365237268,-5.937270733357264,10,111,13,4,Confined,3625
130,61,-2.128833447868077,-5.888346018306274,11,146,13,5,Confined,3625
131,61,-2.159063357577112,-5.653586036775268,12,137,13,6,Confined,3625
132,61,-1.9667660130301392,-5.703139808866305,13,119,13,7,Confined,3625
133,61,-2.0953824363875664,-5.695632273492217,14,86,13,8,Confined,3625
134,61,-2.145970074839513,-5.576864883418547,15,107,13,9,Confined,3625
135,61,-2.2583716007105408,-5.617579688429232,16,106,13,10,Confined,3625
136,61,-2.1638840934471855,-5.575633975647478,17,64,13,11,Confined,3625
137,61,-2.3394269907996725,-5.531915690664546,18,56,13,12,Confined,3625
138,62,7.426847409630586,3.2713091409180626,11,77,16,0,Confined,3625
139,62,7.57024809822175,3.07995072315985,12,108,16,1,Confined,3625
140,62,7.601369517432041,3.1758559631925185,13,96,16,2,Confined,3625
141,62,7.6045196591648,3.216749624129977,15,195,16,3,Confined,3625
142,62,7.490683560470602,3.1551345344322637,16,223,16,4,Confined,3625
143,62,7.347258058940453,3.163485669717691,17,267,16,5,Confined,3625
144,62,7.377255235012412,3.2554811570476443,18,409,16,6,Confined,3625
145,62,7.2519900956313865,3.2222154483050467,19,413,16,7,Confined,3625
146,62,7.475503296091163,3.357924284716389,20,314,16,8,Confined,3625
147,62,7.5373269386637745,3.5178067231160517,21,256,16,9,Confined,3625
148,62,7.720183778137339,3.53229727922558,22,241,16,10,Confined,3625
149,62,7.7002296756349295,3.615007087714745,23,304,16,11,Confined,3625
150,62,7.749382791263914,3.560866704659616,24,332,16,12,Confined,3625
151,62,7.756791334537321,3.677676731141538,25,302,16,13,Confined,3625
152,62,7.780581640094446,3.6250733585946655,26,305,16,14,Confined,3625
153,62,7.811691567195012,3.688202586463322,27,385,16,15,Confined,3625
0,63,2.174706993304275,3.737420582486152,0,259,26,0,Confined,3626
1,63,2.363242668494779,3.628440801911386,1,314,26,1,Confined,3626
2,63,1.864636597213071,3.971330765312845,2,267,26,2,Confined,3626
3,63,1.9131459349579758,3.6853092772803584,4,298,26,3,Confined,3626
4,63,1.9867478338186322,3.790000404720829,5,239,26,4,Confined,3626
5,63,1.78645939549064,3.6690305757169894,6,188,26,5,Confined,3626
6,63,1.648268126087908,3.6105564552851974,7,140,26,6,Confined,3626
7,63,1.8794540251780913,3.652914128572479,8,244,26,7,Confined,3626
8,63,1.59045817303336,3.6147311160786706,9,285,26,8,Confined,3626
9,63,1.869491894132285,3.709419434730859,10,114,26,9,Confined,3626
10,63,2.0187444274367263,3.6805953518137176,11,211,26,10,Confined,3626
11,63,1.8489887353688874,3.601599064395228,12,250,26,11,Confined,3626
12,63,2.0440420598783677,3.4063927410434967,13,251,26,12,Confined,3626
13,63,1.9379381982432244,3.8885991070900445,14,61,26,13,Confined,3626
14,63,2.141071180063136,3.3858358360213305,15,154,26,14,Confined,3626
15,63,2.2619345687279644,3.5424449135652467,16,258,26,15,Confined,3626
16,63,2.1589697499122433,3.8232545780370315,17,96,26,16,Confined,3626
17,63,2.3591767899977496,3.656114411781259,18,144,26,17,Confined,3626
18,63,2.4466143956063333,3.414905409039744,19,76,26,18,Confined,3626
19,63,2.1718772929548082,3.5998667744212938,20,196,26,19,Confined,3626
20,63,2.5789063394291136,3.506421239751253,21,104,26,20,Confined,3626
21,63,2.476337805864931,3.5986183890526497,22,208,26,21,Confined,3626
22,63,2.434600223607531,3.5636238043548105,23,210,26,22,Confined,3626
23,63,2.5411625685646873,3.743678839139885,24,190,26,23,Confined,3626
24,63,2.704354007609114,3.5757242171803534,26,157,26,24,Confined,3626
25,63,2.6492374371731837,3.673536095347998,27,103,26,25,Confined,3626
26,64,3.1378465744413235,-0.9834051332552888,4,159,8,0,Confined,3626
27,64,3.170626730262146,-0.823170813898418,5,240,8,1,Confined,3626
28,64,2.8309806777852042,-0.8921007033856146,11,170,8,2,Confined,3626
29,64,2.8309806777852042,-0.8921007033856146,11,170,8,3,Confined,3626
30,64,2.790401421083173,-0.7181652754543936,12,133,8,4,Confined,3626
31,64,2.790401421083173,-0.7181652754543936,12,133,8,5,Confined,3626
32,64,2.854394895807378,-0.7709761977467953,13,165,8,6,Confined,3626
33,64,2.854394895807378,-0.7709761977467953,13,165,8,7,Confined,3626
34,65,-6.060341044605334,-0.6350349294405334,9,74,18,0,Confined,3626
35,65,-6.0473608380165595,-0.19860582507470434,10,157,18,1,Confined,3626
36,65,-5.387208127361854,0.6638719069085033,11,64,18,2,Confined,3626
37,65,-5.518348390946901,0.3316514538689151,12,76,18,3,Confined,3626
38,65,-6.357606566235733,-1.0647592530420158,13,97,18,4,Confined,3626
39,65,-5.454263591653063,0.09522993679897812,14,98,18,5,Confined,3626
40,65,-5.497040285868194,0.19601530586655427,15,73,18,6,Confined,3626
41,65,-6.344739849876688,-0.09856903992312353,16,113,18,7,Confined,3626
42,65,-5.987567500087756,-0.7335975469629683,17,150,18,8,Confined,3626
43,65,-5.690130144081853,-0.8611168071242148,18,67,18,9,Confined,3626
44,65,-6.378711239602379,0.13214261412141476,19,87,18,10,Confined,3626
45,65,-6.433567407506021,-0.1364997989822618,20,93,18,11,Confined,3626
46,65,-6.277574377826607,-0.6202165980865857,21,74,18,12,Confined,3626
47,65,-6.318695512899639,-1.2418808242340653,22,99,18,13,Confined,3626
48,65,-6.463696734917813,0.023104679930848398,23,155,18,14,Confined,3626
49,65,-6.381236330956843,-0.1722127079095559,24,99,18,15,Confined,3626
50,65,-6.347602335812824,-0.13455702221432012,25,86,18,16,Confined,3626
51,65,-6.4408268027987985,-0.8774030290589752,26,94,18,17,Confined,3626
0,66,-3.4512400458819865,-4.874570067740189,1,274,21,0,Confined,3626
1,66,-3.227863879845509,-5.462735781203647,2,250,21,1,Confined,3626
2,66,-3.184288058238634,-5.774615498301669,3,260,21,2,Confined,3626
3,66,-3.768133017509153,-5.37757490948845,4,209,21,3,Confined,3626
4,66,-3.8376962800365444,-5.4984681704956335,5,194,21,4,Confined,3626
5,66,-4.254376235955346,-5.06588431062788,6,234,21,5,Confined,3626
6,66,-4.106064855180418,-4.910737968683844,7,172,21,6,Confined,3626
7,66,-4.1612332420293585,-4.801884195981355,8,172,21,7,Confined,3626
8,66,-4.220931086251874,-5.133822370329982,9,160,21,8,Confined,3626
9,66,-4.311715703128156,-5.109924571242199,10,102,21,9,Confined,3626
10,66,-4.380560689716578,-5.313367474346025,11,110,21,10,Confined,3626
11,66,-4.120571886856824,-5.218791626849075,12,240,21,11,Confined,3626
12,66,-4.3962212745381155,-5.300124691023095,13,192,21,12,Confined,3626
13,66,-4.139398659767331,-5.4638120862208694,14,116,21,13,Confined,3626
14,66,-4.041156847748651,-5.146038720311048,15,105,21,14,Confined,3626
15,66,-3.9021978229630174,-5.23917870091469,16,162,21,15,Confined,3626
16,66,-3.8272890503314527,-5.366713204344568,17,105,21,16,Confined,3626
17,66,-3.931100096678664,-5.360633891904613,18,64,21,17,Confined,3626
18,66,-3.6596573015148435,-5.426273119962039,19,36,21,18,Confined,3626
19,66,-3.679352044643455,-5.576507918924361,20,50,21,19,Confined,3626
20,66,-3.7284782021570053,-5.584334871497078,21,87,21,20,Confined,3626
21,67,-5.335597815360853,-2.950032943313096,1,430,18,0,Confined,3626
22,67,-5.739831144516168,-3.2444635009641267,2,334,18,1,Confined,3626
23,67,-6.062302312357525,-3.2837704970489905,5,148,18,2,Confined,3626
24,67,-5.81459857611065,-3.149317619846635,7,129,18,3,Confined,3626
25,67,-5.840369510447607,-2.9762506392620227,8,262,18,4,Confined,3626
26,67,-6.005853009328798,-3.2292073703299815,9,195,18,5,Confined,3626
27,67,-5.996328834441288,-3.2387472985149266,10,297,18,6,Confined,3626
28,67,-5.9477316389883,-3.434781351794542,11,362,18,7,Confined,3626
29,67,-5.667990202074216,-3.54064336597951,12,345,18,8,Confined,3626
30,67,-5.6119039519516605,-3.3278274332781383,13,347,18,9,Confined,3626
31,67,-5.352301221186305,-3.396964341922092,14,313,18,10,Confined,3626
32,67,-5.418465419177223,-3.2137387203110483,15,210,18,11,Confined,3626
33,67,-5.449684510110996,-3.308860395743159,16,217,18,12,Confined,3626
34,67,-5.49097303634544,-3.3123483691797326,17,286,18,13,Confined,3626
35,67,-5.48704580981969,-3.29970131978923,18,234,18,14,Confined,3626
36,67,-5.424246894275024,-3.4950085272018585,19,221,18,15,Confined,3626
37,67,-5.383012212710684,-3.560802523966378,20,238,18,16,Confined,3626
38,67,-5.1968527030644465,-3.6829816954535226,21,114,18,17,Confined,3626
39,68,4.851494060638598,5.386648024841515,1,509,27,0,Confined,3626
40,68,4.5566968142721365,5.636517059972824,2,408,27,1,Confined,3626
41,68,3.366260081173442,5.936848710464394,3,437,27,2,Confined,3626
42,68,3.59569936042363,5.931522935672096,4,415,27,3,Confined,3626
43,68,4.10779246863036,5.755290907890433,5,464,27,4,Confined,3626
44,68,4.043194620271757,5.869857550635856,6,448,27,5,Confined,3626
45,68,3.842713009222754,6.009348917325416,7,437,27,6,Confined,3626
46,68,4.100554675495382,6.202177295052852,8,463,27,7,Confined,3626
47,68,4.057637247081457,6.088772629670019,9,477,27,8,Confined,3626
48,68,4.0454779620302155,6.171335835997619,10,442,27,9,Confined,3626
49,68,4.319674336225222,6.086005740181385,11,403,27,10,Confined,3626
50,68,4.084961936242589,6.119079893618763,12,513,27,11,Confined,3626
51,68,4.11455100496696,6.233576839751018,13,394,27,12,Confined,3626
52,68,3.8073505700593766,6.325090928832516,14,394,27,13,Confined,3626
53,68,3.630509136807332,6.308954522932196,15,296,27,14,Confined,3626
54,68,3.6003290177331,6.3066832803436785,16,332,27,15,Confined,3626
55,68,3.461306442626293,6.512065065273136,17,213,27,16,Confined,3626
56,68,3.4368444014890893,6.309653328168674,18,307,27,17,Confined,3626
57,68,3.1750862218012186,6.4227868541312265,19,193,27,18,Confined,3626
58,68,3.039888724587313,6.267480216822245,20,221,27,19,Confined,3626
59,68,3.046826183668514,6.3987396239740795,21,217,27,20,Confined,3626
60,68,3.0145077263324436,6.513785125239714,22,262,27,21,Confined,3626
61,68,2.9156913230680392,6.413759739769814,23,264,27,22,Confined,3626
62,68,2.773212574988655,6.280767743927285,24,332,27,23,Confined,3626
63,68,2.8182674779427317,6.276585705807613,25,282,27,24,Confined,3626
64,68,2.7223008185866537,6.547838227987421,26,284,27,25,Confined,3626
65,68,2.81575394633961,6.2845232716529145,27,305,27,26,Confined,3626
66,69,4.115230802033222,-0.89673222652431,1,438,7,0,Confined,3626
67,69,4.459109681919197,-1.2559013223801194,2,272,7,1,Confined,3626
68,69,3.85003722660205,-1.2599570850412887,3,239,7,2,Confined,3626
69,69,3.87046873687681,-1.1365785777500126,4,171,7,3,Confined,3626
70,69,3.927113776372714,-1.3908994873600573,5,159,7,4,Confined,3626
71,69,3.744801801948776,-1.3947637420660064,6,138,7,5,Confined,3626
72,69,3.4629173283822707,-1.246443223988518,9,82,7,6,Confined,3626
73,70,1.7280343037791417,0.6810052661881915,4,201,16,0,Confined,3626
74,70,2.101525006561395,1.0462196975456035,5,375,16,1,Confined,3626
75,70,1.908940751224141,1.389457997064428,6,72,16,2,Confined,3626
76,70,2.195303111075852,1.3744052483704199,7,306,16,3,Confined,3626
77,70,2.0770951666002313,1.3103159823518813,8,401,16,4,Confined,3626
78,70,2.0252059732446916,1.0969394488919861,9,437,16,5,Confined,3626
79,70,2.170438322295572,0.9198224626561052,10,472,16,6,Confined,3626
80,70,2.4581718198864966,0.970885176102119,11,568,16,7,Confined,3626
81,70,2.024518819210121,0.9741473689668249,12,478,16,8,Confined,3626
82,70,2.0716739141995086,0.9404139383085883,13,404,16,9,Confined,3626
83,70,1.973951953804885,0.9585853459794015,14,281,16,10,Confined,3626
84,70,2.136146131494329,0.9071877754154486,15,351,16,11,Confined,3626
85,70,1.996982060779657,0.8207602348088712,17,405,16,12,Confined,3626
86,70,1.7885092139142167,1.1437018009525788,23,289,16,13,Confined,3626
87,70,1.8737575828145199,0.8593509947553702,24,331,16,14,Confined,3626
88,70,1.90604802304855,1.1370924318756168,27,212,16,15,Confined,3626
89,71,0.47623465037778984,-1.839064008716579,7,341,21,0,Confined,3626
90,71,0.4751463236341181,-1.6229399073356643,8,408,21,1,Confined,3626
91,71,-0.09606731912858775,-1.4216098360834069,9,365,21,2,Confined,3626
92,71,0.21445317442286374,-1.5744658977728119,10,196,21,3,Confined,3626
93,71,0.25457891949773814,-1.698955331195058,11,221,21,4,Confined,3626
94,71,0.7538076471668432,-1.656088845783986,12,507,21,5,Confined,3626
95,71,0.6883865379618848,-1.6298043785230947,13,339,21,6,Confined,3626
96,71,0.7616438452198432,-1.4570595997574893,14,363,21,7,Confined,3626
97,71,0.8046839404286886,-1.6389751735130187,15,406,21,8,Confined,3626
98,71,0.5700027846758707,-1.9866424161924674,16,384,21,9,Confined,3626
99,71,0.7446244790803123,-1.9702228261933066,17,340,21,10,Confined,3626
100,71,0.8454714948911026,-1.5365192625441484,18,430,21,11,Confined,3626
101,71,0.6901275086117401,-1.4537867275569758,19,474,21,12,Confined,3626
102,71,0.6409980652466533,-1.7191088749683163,20,364,21,13,Confined,3626
103,71,0.8249258730781047,-1.597383147359148,21,319,21,14,Confined,3626
104,71,0.821020184855407,-1.7975220269424772,22,421,21,15,Confined,3626
105,71,1.1940008222150043,-1.3265898184802456,23,373,21,16,Confined,3626
106,71,1.2216426209908458,-0.7480330074418279,24,275,21,17,Confined,3626
107,71,0.9209453224266664,-1.3347471696546622,25,443,21,18,Confined,3626
108,71,0.701460213983424,-1.8152221579051706,26,369,21,19,Confined,3626
109,71,0.8109262986080064,-2.109018504938774,27,215,21,20,Confined,3626
0,72,-0.5747795088151748,6.495762911097438,0,734,27,0,Confined,3626
1,72,-1.1654353456577151,6.37354922063347,1,828,27,1,Confined,3626
2,72,-1.7224190315235512,6.240145163062918,2,719,27,2,Confined,3626
3,72,-1.407684167269353,6.1664708630762926,3,752,27,3,Confined,3626
4,72,-0.9541752915344787,6.010051873119648,4,588,27,4,Confined,3626
5,72,-0.81041635119074,5.9066572142214,5,581,27,5,Confined,3626
6,72,-0.8839499864675063,5.692854888997068,6,502,27,6,Confined,3626
7,72,-0.5940106555982699,5.760422150793428,7,533,27,7,Confined,3626
8,72,-0.7567617746860053,5.985311956091509,8,539,27,8,Confined,3626
9,72,-0.8838334548249803,6.013569120569801,9,543,27,9,Confined,3626
10,72,-1.089542884314535,5.941275601602485,10,579,27,10,Confined,3626
11,72,-0.7348988631677028,5.975752669908255,11,501,27,11,Confined,3626
12,72,-0.6941813823636788,6.033299983622199,12,498,27,12,Confined,3626
13,72,-0.9879017307042817,5.907349530314949,13,462,27,13,Confined,3626
14,72,-1.0345549146292004,5.987425475127444,14,436,27,14,Confined,3626
15,72,-1.0098681262767832,5.934363046603256,15,490,27,15,Confined,3626
16,72,-0.9790622173544239,5.8626554262773,16,474,27,16,Confined,3626
17,72,-0.971108636352382,5.779258955918293,17,421,27,17,Confined,3626
18,72,-0.9468224111555447,5.696811859347642,18,454,27,18,Confined,3626
19,72,-0.8336215455400471,5.67027170953507,19,473,27,19,Confined,3626
20,72,-0.7784463158148248,5.564484342300761,20,597,27,20,Confined,3626
21,72,-0.7558911202655969,5.582523335695434,21,402,27,21,Confined,3626
22,72,-0.83162182977814,5.61460764515951,22,509,27,22,Confined,3626
23,72,-0.7801194897066387,5.565757709918031,23,561,27,23,Confined,3626
24,72,-0.7250175911824028,5.563737435820269,24,777,27,24,Confined,3626
25,72,-0.5546925604018885,5.44394230094989,25,592,27,25,Confined,3626
26,72,-1.0102878179469819,5.189731776127751,26,594,27,26,Confined,3626
27,73,-0.22986485039353727,-6.90879225488861,1,381,27,0,Confined,3626
28,73,0.7043397660161341,-6.846340072657193,2,232,27,1,Confined,3626
29,73,0.3236189645660008,-6.2334668171285195,3,321,27,2,Confined,3626
30,73,-0.08175685483941254,-6.118301153430777,4,412,27,3,Confined,3626
31,73,0.003434752202423958,-6.311758829545505,5,392,27,4,Confined,3626
32,73,-0.010067713621844318,-6.653580835417621,6,413,27,5,Confined,3626
33,73,-0.14720796744276202,-6.634224480663881,7,427,27,6,Confined,3626
34,73,-0.4021606688854675,-6.426024418602857,8,453,27,7,Confined,3626
35,73,-0.3256981568011808,-6.425781413323104,9,416,27,8,Confined,3626
36,73,-0.2760034115516164,-6.285200970306213,10,444,27,9,Confined,3626
37,73,-0.3746668202040203,-6.306466806022392,11,383,27,10,Confined,3626
38,73,-0.5500029521379208,-6.0292715744547705,12,309,27,11,Confined,3626
39,73,-0.3010231592757103,-6.2114968982564776,13,352,27,12,Confined,3626
40,73,-0.32744636826774987,-5.996716452814127,14,309,27,13,Confined,3626
41,73,-0.3634561044447956,-6.278429715617911,15,301,27,14,Confined,3626
42,73,-0.3714640819693886,-6.33070173875733,16,371,27,15,Confined,3626
43,73,-0.5271465643076623,-6.3231116779109335,17,399,27,16,Confined,3626
44,73,-0.5866475499907022,-6.292323923932237,18,353,27,17,Confined,3626
45,73,-0.6318984499298941,-6.346031629794963,19,322,27,18,Confined,3626
46,73,-0.868058412145535,-6.18976665798368,20,265,27,19,Confined,3626
47,73,-0.9567586614257746,-5.927256930499365,21,291,27,20,Confined,3626
48,73,-1.1199387037623032,-5.5996259293297665,22,359,27,21,Confined,3626
49,73,-1.2230467640446332,-5.495754847262562,23,332,27,22,Confined,3626
50,73,-1.4536070306008755,-5.4990598025995485,24,341,27,23,Confined,3626
51,73,-1.33069167158125,-5.487674089713498,25,275,27,24,Confined,3626
52,73,-1.451098968756387,-5.525849230444521,26,229,27,25,Confined,3626
53,73,-1.587955494160854,-5.460755655174104,27,307,27,26,Confined,3626
54,74,2.748537965568028,5.128971217685791,1,59,17,0,Confined,3626
55,74,2.161723171188548,5.1591062635497025,2,96,17,1,Confined,3626
56,74,2.340491234910201,5.145320224129743,3,82,17,2,Confined,3626
57,74,2.581027295081564,4.834778130832035,4,86,17,3,Confined,3626
58,74,2.6378120481207916,4.705009537801432,5,113,17,4,Confined,3626
59,74,2.6523070410614746,4.664660161141572,6,133,17,5,Confined,3626
60,74,3.0960232484042307,4.740961097009814,7,72,17,6,Confined,3626
61,74,2.415807566686907,4.792197577612848,8,84,17,7,Confined,3626
62,74,2.6787036855065116,4.926571052061513,9,125,17,8,Confined,3626
63,74,2.621990228844505,5.128207014013985,10,131,17,9,Confined,3626
64,74,2.6824807231142787,4.922705492605108,11,187,17,10,Confined,3626
65,74,2.8391864221878613,5.024438403970257,12,162,17,11,Confined,3626
66,74,2.2842126865240604,5.031609747313142,13,158,17,12,Confined,3626
67,74,2.522026246395791,5.357793657664616,14,87,17,13,Confined,3626
68,74,2.496593443040599,5.100433384393544,15,87,17,14,Confined,3626
69,74,2.580690288458028,4.931882512301583,16,147,17,15,Confined,3626
70,74,2.7746725862176578,5.2630394548879496,17,151,17,16,Confined,3626
71,75,-0.6921493898261073,1.5625215808819175,1,378,9,0,Confined,3626
72,75,-0.4791712444919245,1.3146197620704148,2,338,9,1,Confined,3626
73,75,0.14887857803120452,1.1849806195832129,3,309,9,2,Confined,3626
74,75,0.27550342330280725,0.8312584450997911,4,185,9,3,Confined,3626
75,75,0.3288683418270846,0.5789931042350005,5,286,9,4,Confined,3626
76,75,0.10452291381220977,0.8756953654526244,10,312,9,5,Confined,3626
77,75,0.3817659321843856,0.6405832211627246,11,437,9,6,Confined,3626
78,75,-0.011728570597132788,0.7587112322530863,12,385,9,7,Confined,3626
79,75,0.3868044164818668,0.43855310174352086,13,180,9,8,Confined,3626
